1.8,1.8,1.8,1.8,1.8,1.8,1.8266552314881048,1.8251869410589312,1.8221396618385717,1.8217570582700926,1.8211164159341409,1.8203803769607378,1.8196227973622878,1.818878642790613,1.8181643182673135,2.0,2.0,2.0,2.0,2.0,2.0,2.0,2.0,2.0,2.0,2.0,2.0,2.0,2.0,2.0,2.0,2.0,2.0,2.0,2.0,2.0,2.0,2.0,2.0,2.0,2.0,2.0,2.0,2.0,2.0,2.0,2.0,2.0,2.0,2.0,2.0,2.0,2.0,2.0,2.0,2.0,2.0,2.0,2.0,2.0,2.0,2.0,2.0,2.0,2.0,2.0,2.0,2.0,2.0,2.0,2.0,2.0,2.0,2.0,2.0,2.0,2.0,2.0,2.0,2.0,2.0,2.0,2.0,2.0,2.0,2.0,2.0,2.0,2.0,2.0,2.0,2.0,2.0,2.0,2.0,2.0,2.0,2.0,2.0,2.0
2.18815166454081,1.4914499069298333,1.3374998917861118,1.2795368877080189,1.4328431303938647,1.3792526196396067,1.3392659159737856,1.3104496144241913,1.2893893253304702,1.4363825200470837,1.4341405277043304,1.5019432572161577,1.5014898768002147,1.6432821920087426,1.6421165475115596,1.6408504895931826,1.6395649013686444,1.6383003866330674,1.637077495962811,1.6359061242889148,1.8,1.8,1.8,1.8,1.8,1.8,1.8,1.8,1.8,1.8,1.8,1.8,1.8,1.8,1.8,1.8,1.8,1.8,1.8,1.8,1.8,1.8,1.8,1.8,1.8,1.8,1.8,1.8,1.8,1.8,1.8,1.8,1.8,1.8,1.8,1.8,1.8,1.8,1.8,1.8,1.8,1.8,1.8,1.8,1.8,1.8,1.8,1.8,1.8,1.8,1.8,1.8,1.8,1.8,1.8,1.8,1.8,1.8,1.8,1.8,1.8,1.8,1.8,1.8,1.8,1.8,1.8,1.8,1.8,1.8,1.8,1.8,1.8,1.8,1.8,1.8,1.8,1.8,1.8,1.8
2.18815166454081,1.4914499069298333,1.3374998917861118,1.2795368877080189,1.4328431303938647,1.3792526196396067,1.3392659159737856,1.3104496144241913,1.2893893253304702,1.4363825200470837,1.5082351646760144,1.507147523446016,1.5044229596593568,1.6440166314943887,1.642509949702771,1.641013410550935,1.6395649013686444,1.6381816556132038,1.636870349018041,1.8,1.8,1.8,1.8,1.8,1.8,1.8,1.8,1.8,1.8,1.8,1.8,1.8,1.8,1.8,1.8,1.8,1.8,1.8,1.8,1.8,1.8,1.8,1.8,1.8,1.8,1.8,1.8,1.8,1.8,1.8,1.8,1.8,1.8,1.8,1.8,1.8,1.8,1.8,1.8,1.8,1.8,1.8,1.8,1.8,1.8,1.8,1.8,1.8,1.8,1.8,1.8,1.8,1.8,1.8,1.8,1.8,1.8,1.8,1.8,1.8,1.8,1.8,1.8,1.8,1.8,1.8,1.8,1.8,1.8,1.8,1.8,1.8,1.8,1.8,1.8,1.8,1.8,1.8,1.8,1.8
2.0,2.0,2.0,2.0,2.0,2.0,2.0266552314881046,2.0251869410589314,2.0221396618385716,2.0217570582700923,2.021116415934141,2.0203803769607376,2.019622797362288,2.0188786427906127,2.0181643182673135,2.2,2.2,2.2,2.2,2.2,2.2,2.2,2.2,2.2,2.2,2.2,2.2,2.2,2.2,2.2,2.2,2.2,2.2,2.2,2.2,2.2,2.2,2.2,2.2,2.2,2.2,2.2,2.2,2.2,2.2,2.2,2.2,2.2,2.2,2.2,2.2,2.2,2.2,2.2,2.2,2.2,2.2,2.2,2.2,2.2,2.2,2.2,2.2,2.2,2.2,2.2,2.2,2.2,2.2,2.2,2.2,2.2,2.2,2.2,2.2,2.2,2.2,2.2,2.2,2.2,2.2,2.2,2.2,2.2,2.2,2.2,2.2,2.2,2.2,2.2,2.2,2.2,2.2,2.2,2.2,2.2,2.2,2.2,2.2,2.2
0.6000000000000001,0.6000000000000001,0.6000000000000001,0.6000000000000001,0.6000000000000001,0.6000000000000001,0.6000000000000001,0.6000000000000001,0.6000000000000001,0.6000000000000001,0.6000000000000001,0.6000000000000001,0.6000000000000001,0.6000000000000001,0.6000000000000001,0.6000000000000001,0.6000000000000001,0.6000000000000001,0.6000000000000001,0.6000000000000001,0.6000000000000001,0.6000000000000001,0.6000000000000001,0.6000000000000001,0.6000000000000001,0.6000000000000001,0.6000000000000001,0.6000000000000001,0.6000000000000001,0.6000000000000001,0.6000000000000001,0.6000000000000001,0.6000000000000001,0.6000000000000001,0.6000000000000001,0.6000000000000001,0.6000000000000001,0.6000000000000001,0.6000000000000001,0.6000000000000001,0.6000000000000001,0.6000000000000001,0.6000000000000001,0.6000000000000001,0.6000000000000001,0.6000000000000001,0.6000000000000001,0.6000000000000001,0.6000000000000001,0.6000000000000001,0.6000000000000001,0.6000000000000001,0.6000000000000001,0.4,0.4,0.4,0.4,0.4,0.4,0.4,0.4,0.4,0.4,0.4,0.4,0.4,0.4,0.4,0.4,0.4,0.4,0.4,0.4,0.4,0.4,0.4,0.4,0.4,0.4,0.4,0.4,0.4,0.4,0.4,0.4,0.4,0.4,0.4,0.4,0.4,0.4,0.4,0.4,0.4,0.4,0.4,0.4,0.4,0.4,0.4
2.18815166454081,1.4914499069298333,1.3374998917861118,1.5561094642837539,1.4514057761528292,1.383748598657647,1.3392659159737856,1.308831045234679,1.2872116787086507,1.5132164892333702,1.5116355313004826,1.5083035839315675,1.645452733176251,1.643719520012855,1.6420251144110947,1.6404054297188826,1.6388745588840117,1.6374359380285137,1.8,1.8,1.8,1.8,1.8,1.8,1.8,1.8,1.8,1.8,1.8,1.8,1.8,1.8,1.8,1.8,1.8,1.8,1.8,1.8,1.8,1.8,1.8,1.8,1.8,1.8,1.8,1.8,1.8,1.8,1.8,1.8,1.8,1.8,1.8,1.8,1.8,1.8,1.8,1.8,1.8,1.8,1.8,1.8,1.8,1.8,1.8,1.8,1.8,1.8,1.8,1.8,1.8,1.8,1.8,1.8,1.8,1.8,1.8,1.8,1.8,1.8,1.8,1.8,1.8,1.8,1.8,1.8,1.8,1.8,1.8,1.8,1.8,1.8,1.8,1.8,1.8,1.8,1.8,1.8,1.8,1.8
2.18815166454081,1.4914499069298333,1.3374998917861118,1.5561094642837539,1.4514057761528292,1.383748598657647,1.3392659159737856,1.308831045234679,1.2872116787086507,1.5132164892333702,1.5116355313004826,1.5083035839315675,1.645452733176251,1.643719520012855,1.6420251144110947,1.6404054297188826,1.6388745588840117,1.6374359380285137,1.8,1.8,1.8,1.8,1.8,1.8,1.8,1.8,1.8,1.8,1.8,1.8,1.8,1.8,1.8,1.8,1.8,1.8,1.8,1.8,1.8,1.8,1.8,1.8,1.8,1.8,1.8,1.8,1.8,1.8,1.8,1.8,1.8,1.8,1.8,1.8,1.8,1.8,1.8,1.8,1.8,1.8,1.8,1.8,1.8,1.8,1.8,1.8,1.8,1.8,1.8,1.8,1.8,1.8,1.8,1.8,1.8,1.8,1.8,1.8,1.8,1.8,1.8,1.8,1.8,1.8,1.8,1.8,1.8,1.8,1.8,1.8,1.8,1.8,1.8,1.8,1.8,1.8,1.8,1.8,1.8,1.8
2.18815166454081,1.4914499069298333,1.3374998917861118,1.2795368877080189,1.4328431303938647,1.3792526196396067,1.3392659159737856,1.3104496144241913,1.2893893253304702,1.4363825200470837,1.4341405277043304,1.4321495809660636,1.4963193604264258,1.6419450557989796,1.6412887661130877,1.6403481006575842,1.639285835657425,1.6381816556132038,1.637077495962811,1.6359960360248271,1.6349494263418176,1.8,1.8,1.8,1.8,1.8,1.8,1.8,1.8,1.8,1.8,1.8,1.8,1.8,1.8,1.8,1.8,1.8,1.8,1.8,1.8,1.8,1.8,1.8,1.8,1.8,1.8,1.8,1.8,1.8,1.8,1.8,1.8,1.8,1.8,1.8,1.8,1.8,1.8,1.8,1.8,1.8,1.8,1.8,1.8,1.8,1.8,1.8,1.8,1.8,1.8,1.8,1.8,1.8,1.8,1.8,1.8,1.8,1.8,1.8,1.8,1.8,1.8,1.8,1.8,1.8,1.8,1.8,1.8,1.8,1.8,1.8,1.8,1.8,1.8,1.8,1.8,1.8,1.8,1.8
1.8,1.8,1.8,1.8,1.8,1.8,1.8,1.8,1.8,1.8,1.8,1.8,1.8119559423617957,1.8142322045991066,1.8152425559947045,1.8156925996313455,1.8158427720788872,1.815818152713429,1.8156871863130386,1.8154903650498964,1.8152529009701865,2.0,2.0,2.0,2.0,2.0,2.0,2.0,2.0,2.0,2.0,2.0,2.0,2.0,2.0,2.0,2.0,2.0,2.0,2.0,2.0,2.0,2.0,2.0,2.0,2.0,2.0,2.0,2.0,2.0,2.0,2.0,2.0,2.0,2.0,2.0,2.0,2.0,2.0,2.0,2.0,2.0,2.0,2.0,2.0,2.0,2.0,2.0,2.0,2.0,2.0,2.0,2.0,2.0,2.0,2.0,2.0,2.0,2.0,2.0,2.0,2.0,2.0,2.0,2.0,2.0,2.0,2.0,2.0,2.0,2.0,2.0,2.0,2.0,2.0,2.0,2.0,2.0,2.0,2.0
2.0,2.0,2.0,2.0,2.0,2.0,2.0,2.0,2.0,2.0,2.0,2.0,2.0,2.0,2.0,2.0,2.0,2.0,2.0,2.0,2.0,2.0,2.0,2.0,2.0,2.0,2.0,2.0,2.0,2.0058570052093248,2.007379951774853,2.008291546813307,2.008903145007886,2.009333272182193,2.0096419026368646,2.0098641505999106,2.0100225060438266,2.0101322762362366,2.2,2.2,2.2,2.2,2.2,2.2,2.2,2.2,2.2,2.2,2.2,2.2,2.2,2.2,2.2,2.2,2.2,2.2,2.2,2.2,2.2,2.2,2.2,2.2,2.2,2.2,2.2,2.2,2.2,2.2,2.2,2.2,2.2,2.2,2.2,2.2,2.2,2.2,2.2,2.2,2.2,2.2,2.2,2.2,2.2,2.2,2.2,2.2,2.2,2.2,2.2,2.2,2.2,2.2,2.2,2.2,2.2,2.2,2.2,2.2,2.2,2.2
1.6,1.6,1.6,1.6795368877080188,1.6613855153499684,1.64663745938491,1.6361540486864732,1.6286829701828371,1.6232385971037524,1.6217570582700926,1.6204421965507534,1.6192733361270513,1.8,1.8,1.8,1.8,1.8,1.8,1.8,1.8,1.8,1.8,1.8,1.8,1.8,1.8,1.8,1.8,1.8,1.8,1.8,1.8,1.8,1.8,1.8,1.8,1.8,1.8,1.8,1.8,1.8,1.8,1.8,1.8,1.8,1.8,1.8,1.8,1.8,1.8,1.8,1.8,1.8,1.8,1.8,1.8,1.8,1.8,1.8,1.8,1.8,1.8,1.8,1.8,1.8,1.8,1.8,1.8,1.8,1.8,1.8,1.8,1.8,1.8,1.8,1.8,1.8,1.8,1.8,1.8,1.8,1.8,1.8,1.8,1.8,1.8,1.8,1.8,1.8,1.8,1.8,1.8,1.8,1.8,1.8,1.8,1.8,1.8,1.8,1.8
2.18815166454081,1.4914499069298333,1.3374998917861118,1.2795368877080189,1.4328431303938647,1.3792526196396067,1.3392659159737856,1.3104496144241913,1.2893893253304702,1.4363825200470837,1.4341405277043304,1.5019432572161577,1.5014898768002147,1.6432821920087426,1.6421165475115596,1.6408504895931826,1.6395649013686444,1.6383003866330674,1.637077495962811,1.6359061242889148,1.8,1.8,1.8,1.8,1.8,1.8,1.8,1.8,1.8,1.8,1.8,1.8,1.8,1.8,1.8,1.8,1.8,1.8,1.8,1.8,1.8,1.8,1.8,1.8,1.8,1.8,1.8,1.8,1.8,1.8,1.8,1.8,1.8,1.8,1.8,1.8,1.8,1.8,1.8,1.8,1.8,1.8,1.8,1.8,1.8,1.8,1.8,1.8,1.8,1.8,1.8,1.8,1.8,1.8,1.8,1.8,1.8,1.8,1.8,1.8,1.8,1.8,1.8,1.8,1.8,1.8,1.8,1.8,1.8,1.8,1.8,1.8,1.8,1.8,1.8,1.8,1.8,1.8,1.8,1.8
1.0,1.291449906929833,1.1526572636674646,1.0922401896623621,1.0613855153499683,1.1792526196396065,1.143864473505577,1.1158076644707005,1.0945277673105613,1.0888776159622284,1.2364418914567146,1.3071475234460161,1.3059854101705302,1.3034211837788319,1.4436785201973352,1.4422729963765495,1.4408715910083538,1.4395090041301366,1.4382018104135612,1.436957091991929,1.6,1.6,1.6,1.6,1.6,1.6,1.6,1.6,1.6,1.6,1.6,1.6,1.6,1.6,1.6,1.6,1.6,1.6,1.6,1.6269624514315073,1.627356434764132,1.6299991338554987,1.6294355871430735,1.6288934989335537,1.6283716762230722,1.62786901026841,1.6273844696853057,1.6269170941436972,1.8,1.8293046697431588,1.6294910453876634,1.6295898539252802,1.6314707381266724,1.6309960678625137,1.630535984808105,1.6300898303246465,1.629656983849515,1.6292368603146992,1.8,1.8309284002807567,1.8309847147502818,1.630999134121833,1.6324558058845846,1.632043205926235,1.6316413167447539,1.6312497292616075,1.6308680544044656,1.6304959219627284,1.8,1.8317995922554722,1.8318063696036908,1.6317880853207458,1.6317486067388434,1.6329358421301075,1.6325815087122397,1.6322349579460906,1.6318959391269379,1.6315642118062206,1.8,1.8326075627833207,1.8325696337497925,1.832517082261081,1.6324517997450512,1.6323754043293612,1.63338304006897,1.6330746491965185,1.6327720529722387,1.63247509332899,1.8,1.8333351369069721,1.833262299321718,1.834133311343017,1.8338420627008816,1.6335558730920656,1.6332746148864754,1.6329981644475897,1.632726401998175,1.6324592114894467,1.8,1.8
1.8,1.8,1.8,1.8,1.8,1.8361415917070585,1.8325643055730951,1.8276097157650915,1.8232385971037524,1.8223065490297021,1.8213322297606618,1.8203803769607378,1.8194773254942598,1.818632328966754,2.0,2.0,2.0,2.0,2.0,2.0,2.0,2.0,2.0,2.0,2.0,2.0,2.0,2.0,2.0,2.0,2.0,2.0,2.0,2.0,2.0,2.0,2.0,2.0,2.0,2.0,2.0,2.0,2.0,2.0,2.0,2.0,2.0,2.0,2.0,2.0,2.0,2.0,2.0,2.0,2.0,2.0,2.0,2.0,2.0,2.0,2.0,2.0,2.0,2.0,2.0,2.0,2.0,2.0,2.0,2.0,2.0,2.0,2.0,2.0,2.0,2.0,2.0,2.0,2.0,2.0,2.0,2.0,2.0,2.0,2.0,2.0,2.0,2.0,2.0,2.0,2.0,2.0,2.0,2.0,2.0,2.0,2.0,2.0,2.0,2.0
0.6000000000000001,0.6000000000000001,0.6000000000000001,0.6000000000000001,0.6000000000000001,0.6000000000000001,0.6000000000000001,0.6000000000000001,0.6000000000000001,0.6000000000000001,0.6000000000000001,0.6000000000000001,0.6000000000000001,0.6000000000000001,0.6000000000000001,0.6000000000000001,0.6000000000000001,0.6000000000000001,0.6000000000000001,0.6000000000000001,0.6000000000000001,0.6000000000000001,0.6000000000000001,0.6000000000000001,0.6000000000000001,0.6000000000000001,0.6000000000000001,0.6000000000000001,0.6000000000000001,0.6000000000000001,0.6000000000000001,0.6000000000000001,0.6000000000000001,0.6000000000000001,0.6000000000000001,0.6000000000000001,0.6000000000000001,0.6000000000000001,0.6000000000000001,0.6000000000000001,0.6000000000000001,0.6000000000000001,0.6000000000000001,0.6000000000000001,0.6000000000000001,0.6000000000000001,0.6000000000000001,0.6000000000000001,0.6000000000000001,0.6000000000000001,0.6000000000000001,0.6000000000000001,0.6000000000000001,0.6000000000000001,0.6000000000000001,0.6000000000000001,0.6000000000000001,0.6000000000000001,0.6000000000000001,0.6000000000000001,0.6000000000000001,0.6000000000000001,0.6000000000000001,0.6000000000000001,0.6000000000000001,0.6000000000000001,0.6000000000000001,0.6000000000000001,0.6000000000000001,0.6000000000000001,0.4,0.4,0.4,0.4,0.4,0.4,0.4,0.4,0.4,0.4,0.4,0.4,0.4,0.4,0.4,0.4,0.4,0.4,0.4,0.4,0.4,0.4,0.4,0.4,0.4,0.4,0.4,0.4,0.4,0.4
1.6,1.6,1.7374998917861117,1.6922401896623622,1.66405818054684,1.64663745938491,1.635320747831611,1.6276097157650915,1.6221396618385717,1.6205707968048102,1.6192141481720572,1.8,1.8,1.8,1.8,1.8,1.8,1.8,1.8,1.8,1.8,1.8,1.8,1.8,1.8,1.8,1.8,1.8,1.8,1.8,1.8,1.8,1.8,1.8,1.8,1.8,1.8,1.8,1.8,1.8116295056423213,1.813945713956485,1.8136610048445363,1.8133882335804752,1.813126652466657,1.8128755754607364,1.812634371921913,1.8124024611049931,1.8121793072998658,2.0,1.8149475994623734,1.815743679781527,1.817312646893965,1.8170331302374159,1.8167629210227654,1.8165015545557617,1.816248596793899,1.8160036418515404,1.8157663097451313,2.0,2.0177181507936948,1.8182698940902682,1.8194635724082298,1.8192010551345783,1.8189458636777658,1.8186976908290369,1.8184562464292704,1.8182212561997997,1.8179924606681157,2.0,2.0195030964842906,1.8199227502609732,1.820272811041136,1.8212559311137229,1.821015165260805,1.8207800559086829,1.820550403205137,1.8203260166407418,1.8201067145098244,2.0,2.0213043933211567,2.0215912240837652,1.8218363220225722,1.8220456395499054,1.8228955554688815,1.8226740369484875,1.8224569665994297,1.8222442103586198,1.8220356394877084,2.0,2.0230097386820654,2.0237329993016164,2.0235207604194736,1.823312464406398,1.8231080012235896,1.8229072648828926,1.8227101532638177,1.8225165679402338,1.8223264140161468,2.0,1.8
2.0,2.0,2.0,2.0,2.0,2.0,2.0266552314881046,2.0251869410589314,2.0221396618385716,2.0217570582700923,2.021116415934141,2.0203803769607376,2.019622797362288,2.0188786427906127,2.0181643182673135,2.2,2.2,2.2,2.2,2.2,2.2,2.2,2.2,2.2,2.2,2.2,2.2,2.2,2.2,2.2,2.2,2.2,2.2,2.2,2.2,2.2,2.2,2.2,2.2,2.2,2.2,2.2,2.2,2.2,2.2,2.2,2.2,2.2,2.2,2.2,2.2,2.2,2.2,2.2,2.2,2.2,2.2,2.2,2.2,2.2,2.2,2.2,2.2,2.2,2.2,2.2,2.2,2.2,2.2,2.2,2.2,2.2,2.2,2.2,2.2,2.2,2.2,2.2,2.2,2.2,2.2,2.2,2.2,2.2,2.2,2.2,2.2,2.2,2.2,2.2,2.2,2.2,2.2,2.2,2.2,2.2,2.2,2.2,2.2,2.2
2.18815166454081,1.4914499069298333,1.3374998917861118,1.2795368877080189,1.4328431303938647,1.3792526196396067,1.3392659159737856,1.3104496144241913,1.2893893253304702,1.4363825200470837,1.5082351646760144,1.507147523446016,1.5044229596593568,1.6440166314943887,1.642509949702771,1.641013410550935,1.6395649013686444,1.6381816556132038,1.636870349018041,1.8,1.8,1.8,1.8,1.8,1.8,1.8,1.8,1.8,1.8,1.8,1.8,1.8,1.8,1.8,1.8,1.8,1.8,1.8,1.8,1.8,1.8,1.8,1.8,1.8,1.8,1.8,1.8,1.8,1.8,1.8,1.8,1.8,1.8,1.8,1.8,1.8,1.8,1.8,1.8,1.8,1.8,1.8,1.8,1.8,1.8,1.8,1.8,1.8,1.8,1.8,1.8,1.8,1.8,1.8,1.8,1.8,1.8,1.8,1.8,1.8,1.8,1.8,1.8,1.8,1.8,1.8,1.8,1.8,1.8,1.8,1.8,1.8,1.8,1.8,1.8,1.8,1.8,1.8,1.8,1.8
1.6,1.6,1.7374998917861117,1.6922401896623622,1.66405818054684,1.64663745938491,1.635320747831611,1.6276097157650915,1.6221396618385717,1.6205707968048102,1.6192141481720572,1.8,1.8,1.8,1.8,1.8,1.8,1.8225379296438853,1.823566459840192,1.8239806746382956,1.8240758929384902,1.8239841875776224,1.8237768309024789,1.8234962483050121,1.8231692597361588,1.8228135094064912,2.0,2.0,2.0,2.0,2.0,2.0,2.0,2.0,2.0,2.0,2.0,2.0,2.0,2.0,2.0,2.0,2.0,2.0,2.0,2.0,2.0,2.0,2.0,2.0,2.0,2.0,2.0,2.0,2.0,2.0,2.0,2.0,2.0,2.0,2.0,2.0,2.0,2.0,2.0,2.0,2.0,2.0,2.0,2.0,2.0,2.0,2.0,2.0,2.0,2.0,2.0,2.0,2.0,2.0,2.0,2.0,2.0,2.0,2.0,2.0,2.0,2.0,2.0,2.0,2.0,2.0,2.0,2.0,2.0,2.0,2.0,2.0,2.0,2.0
1.6,1.6,1.6,1.6795368877080188,1.6613855153499684,1.64663745938491,1.6361540486864732,1.6286829701828371,1.6232385971037524,1.6217570582700926,1.6204421965507534,1.6192733361270513,1.8,1.8,1.8,1.8,1.8,1.8,1.8,1.8,1.8,1.8,1.8,1.8,1.8,1.8,1.8,1.8,1.8,1.8,1.8,1.8,1.8,1.8,1.8,1.8,1.8,1.8,1.8,1.8,1.8,1.8,1.8,1.8,1.8,1.8,1.8,1.8,1.8,1.8,1.8,1.8,1.8,1.8,1.8,1.8,1.8,1.8,1.8,1.8,1.8,1.8,1.8,1.8,1.8,1.8,1.8,1.8,1.8,1.8,1.8,1.8,1.8,1.8,1.8,1.8,1.8,1.8,1.8,1.8,1.8,1.8,1.8,1.8,1.8,1.8,1.8,1.8,1.8,1.8,1.8,1.8,1.8,1.8,1.8,1.8,1.8,1.8,1.8,1.8
1.8,1.8,1.8,1.8,1.8,1.8361415917070585,1.8325643055730951,1.8276097157650915,1.8232385971037524,1.8223065490297021,1.8213322297606618,1.8203803769607378,1.8194773254942598,1.818632328966754,2.0,2.0,2.0,2.0,2.0,2.0,2.0,2.0,2.0,2.0,2.0,2.0,2.0,2.0,2.0,2.0,2.0169279228609325,2.017649875916804,2.0180745236903768,2.0183257791193694,2.0184628379097633,2.0185199108630294,2.0185188630019026,2.018474578239797,2.018397636023379,2.2,2.2,2.2,2.2,2.2,2.2,2.2,2.2,2.2,2.2,2.2,2.2,2.2,2.2,2.2,2.2,2.2,2.2,2.2,2.2,2.2,2.2,2.2,2.2,2.2,2.2,2.2,2.2,2.2,2.2,2.2,2.2,2.2,2.2,2.2,2.2,2.2,2.2,2.2,2.2,2.2,2.2,2.2,2.2,2.2,2.2,2.2,2.2,2.2,2.2,2.2,2.2,2.2,2.2,2.2,2.2,2.2,2.2,2.2,2.2,2.2
1.6,1.6,1.7374998917861117,1.6922401896623622,1.66405818054684,1.64663745938491,1.635320747831611,1.6276097157650915,1.6221396618385717,1.6205707968048102,1.6192141481720572,1.8,1.8,1.8,1.8,1.8,1.8,1.8,1.8,1.8,1.8,1.8,1.8,1.8,1.8,1.8,1.8,1.8,1.8,1.814834774026626,1.8158405344922983,1.816458702459521,1.8168545227437853,1.817105233438248,1.8172547264568448,1.8173306976424783,1.8173518184713893,1.8173312646386452,2.0,2.0,2.0,2.0,2.0,2.0,2.0,2.0,2.0,2.0,2.0,2.0,2.0,2.0,2.0,2.0,2.0,2.0,2.0,2.0,2.0,2.0,2.0,2.0,2.0,2.0,2.0,2.0,2.0,2.0,2.0,2.0,2.0,2.0,2.0,2.0,2.0,2.0,2.0,2.0,2.0,2.0,2.0,2.0,2.0,2.0,2.0,2.0,2.0,2.0,2.0,2.0,2.0,2.0,2.0,2.0,2.0,2.0,2.0,2.0,2.0,2.0
1.6,1.6,1.6,1.6795368877080188,1.6613855153499684,1.64663745938491,1.6361540486864732,1.6286829701828371,1.6232385971037524,1.6217570582700926,1.6204421965507534,1.6192733361270513,1.8,1.8,1.8,1.8,1.8,1.8,1.8,1.8,1.8,1.8,1.8,1.8,1.8,1.8,1.8,1.8,1.8,1.8,1.8,1.8,1.8,1.8,1.8,1.8,1.8,1.8,1.8,1.8,1.8,1.8,1.8,1.8,1.8,1.8,1.8,1.8,1.8,1.8,1.8,1.8,1.8,1.8,1.8,1.8,1.8,1.8,1.8,1.8,1.8,1.8,1.8,1.8,1.8,1.8,1.8,1.8,1.8,1.8,1.8,1.8,1.8,1.8,1.8,1.8,1.8,1.8,1.8,1.8,1.8,1.8,1.8,1.8,1.8,1.8,1.8,1.8,1.8,1.8,1.8,1.8,1.8,1.8,1.8,1.8,1.8,1.8,1.8,1.8
2.0,2.0,2.0,2.0,2.0,2.0,2.0,2.0,2.0,2.014832369850541,2.017198890096476,2.0180305177075826,2.0182304190735016,2.018120070557289,2.0178467819415573,2.017486896101889,2.017082901128816,2.016659493969901,2.2,2.2,2.2,2.2,2.2,2.2,2.2,2.2,2.2,2.2,2.2,2.2,2.2,2.2,2.2,2.2,2.2,2.2,2.2,2.2,2.2,2.2,2.2,2.2,2.2,2.2,2.2,2.2,2.2,2.2,2.2,2.2,2.2,2.2,2.2,2.2,2.2,2.2,2.2,2.2,2.2,2.2,2.2,2.2,2.2,2.2,2.2,2.2,2.2,2.2,2.2,2.2,2.2,2.2,2.2,2.2,2.2,2.2,2.2,2.2,2.2,2.2,2.2,2.2,2.2,2.2,2.2,2.2,2.2,2.2,2.2,2.2,2.2,2.2,2.2,2.2,2.2,2.2,2.2,2.2,2.2,2.2
2.0,2.0,2.0,2.0,2.0,2.0,2.0266552314881046,2.0251869410589314,2.0221396618385716,2.0217570582700923,2.021116415934141,2.0203803769607376,2.019622797362288,2.0188786427906127,2.0181643182673135,2.2,2.2,2.2,2.2,2.2,2.2,2.2,2.2,2.2,2.2,2.2,2.2,2.2,2.2,2.2,2.2,2.2,2.2,2.2,2.2,2.2,2.2,2.2,2.2,2.2,2.2,2.2,2.2,2.2,2.2,2.2,2.2,2.2,2.2,2.2,2.2,2.2,2.2,2.2,2.2,2.2,2.2,2.2,2.2,2.2,2.2,2.2,2.2,2.2,2.2,2.2,2.2,2.2,2.2,2.2,2.2,2.2,2.2,2.2,2.2,2.2,2.2,2.2,2.2,2.2,2.2,2.2,2.2,2.2,2.2,2.2,2.2,2.2,2.2,2.2,2.2,2.2,2.2,2.2,2.2,2.2,2.2,2.2,2.2,2.2
1.6,1.6,1.6,1.6795368877080188,1.6613855153499684,1.64663745938491,1.6361540486864732,1.6286829701828371,1.6232385971037524,1.6217570582700926,1.6204421965507534,1.6192733361270513,1.8,1.8,1.8,1.8,1.8,1.8,1.8,1.8,1.8,1.8,1.8,1.8,1.8,1.8,1.8,1.8,1.8,1.8,1.8,1.8,1.8,1.8,1.8,1.8,1.8,1.8,1.8,1.8,1.8,1.8,1.8,1.8,1.8,1.8,1.8,1.8,1.8,1.8,1.8,1.8,1.8,1.8,1.8,1.8,1.8,1.8,1.8,1.8,1.8,1.8,1.8,1.8,1.8,1.8,1.8,1.8,1.8,1.8,1.8,1.8,1.8,1.8,1.8,1.8,1.8,1.8,1.8,1.8,1.8,1.8,1.8,1.8,1.8,1.8,1.8,1.8,1.8,1.8,1.8,1.8,1.8,1.8,1.8,1.8,1.8,1.8,1.8,1.8
2.0,2.0,2.0,2.0,2.0,2.0,2.0,2.0,2.0,2.0,2.0,2.0,2.0,2.0,2.0,2.0,2.0,2.0,2.0,2.0,2.0,2.0,2.0,2.0,2.0,2.0,2.0,2.0,2.0,2.0,2.0,2.0,2.0,2.0,2.0,2.0,2.0,2.0,2.0,2.0,2.0,2.0,2.0,2.0,2.0,2.0,2.0,2.0,2.0,2.0,2.0,2.0,2.0,2.0,2.0,2.0,2.0,2.0,2.0,2.0,2.0,2.0,2.0,2.0,2.0,2.0,2.0,2.0,2.0,2.0,2.0,2.0,2.0,2.0,2.0,2.0,2.0,2.0,2.0,2.0,2.0,2.0,2.0,2.0,2.0,2.0,2.0,2.0,2.0,2.0,2.0,2.0,2.0,2.0,2.0,2.0,2.0,2.0,2.0,2.0
0.6000000000000001,0.6000000000000001,0.6000000000000001,0.6000000000000001,0.6000000000000001,0.6000000000000001,0.6000000000000001,0.6000000000000001,0.6000000000000001,0.6000000000000001,0.6000000000000001,0.6000000000000001,0.6000000000000001,0.6000000000000001,0.6000000000000001,0.6000000000000001,0.6000000000000001,0.6000000000000001,0.6000000000000001,0.6000000000000001,0.6000000000000001,0.6000000000000001,0.6000000000000001,0.6000000000000001,0.6000000000000001,0.6000000000000001,0.6000000000000001,0.6000000000000001,0.6000000000000001,0.6000000000000001,0.6000000000000001,0.6000000000000001,0.6000000000000001,0.6000000000000001,0.6000000000000001,0.6000000000000001,0.6000000000000001,0.6000000000000001,0.6000000000000001,0.6000000000000001,0.6000000000000001,0.6000000000000001,0.6000000000000001,0.6000000000000001,0.6000000000000001,0.6000000000000001,0.6000000000000001,0.6000000000000001,0.6000000000000001,0.6000000000000001,0.6000000000000001,0.6000000000000001,0.6000000000000001,0.6000000000000001,0.6000000000000001,0.6000000000000001,0.6000000000000001,0.6000000000000001,0.6000000000000001,0.4,0.4,0.4,0.4,0.4,0.4,0.4,0.4,0.4,0.4,0.4,0.4,0.4,0.4,0.4,0.4,0.4,0.4,0.4,0.4,0.4,0.4,0.4,0.4,0.4,0.4,0.4,0.4,0.4,0.4,0.4,0.4,0.4,0.4,0.4,0.4,0.4,0.4,0.4,0.4,0.4
1.8,1.8,1.8,1.8,1.8,1.8,1.8266552314881048,1.8251869410589312,1.8221396618385717,1.8217570582700926,1.8211164159341409,1.8203803769607378,1.8196227973622878,1.818878642790613,1.8181643182673135,2.0,2.0,2.0,2.0,2.0,2.0,2.0,2.0,2.0,2.0,2.0,2.0,2.0,2.0,2.0,2.0,2.0,2.0,2.0,2.0,2.0,2.0,2.0,2.0,2.0,2.0,2.0,2.0,2.0,2.0,2.0,2.0,2.0,2.0,2.0,2.0,2.0,2.0,2.0,2.0,2.0,2.0,2.0,2.0,2.0,2.0,2.0,2.0,2.0,2.0,2.0,2.0,2.0,2.0,2.0,2.0,2.0,2.0,2.0,2.0,2.0,2.0,2.0,2.0,2.0,2.0,2.0,2.0,2.0,2.0,2.0,2.0,2.0,2.0,2.0,2.0,2.0,2.0,2.0,2.0,2.0,2.0,2.0,2.0,2.0
0.6000000000000001,0.6000000000000001,0.6000000000000001,0.6000000000000001,0.6000000000000001,0.6000000000000001,0.6000000000000001,0.6000000000000001,0.6000000000000001,0.6000000000000001,0.6000000000000001,0.6000000000000001,0.6000000000000001,0.6000000000000001,0.6000000000000001,0.6000000000000001,0.6000000000000001,0.6000000000000001,0.6000000000000001,0.6000000000000001,0.6000000000000001,0.6000000000000001,0.6000000000000001,0.6000000000000001,0.6000000000000001,0.6000000000000001,0.6000000000000001,0.6000000000000001,0.6000000000000001,0.6000000000000001,0.6000000000000001,0.6000000000000001,0.6000000000000001,0.6000000000000001,0.6000000000000001,0.6000000000000001,0.6000000000000001,0.6000000000000001,0.6000000000000001,0.6000000000000001,0.6000000000000001,0.6000000000000001,0.6000000000000001,0.6000000000000001,0.6000000000000001,0.6000000000000001,0.6000000000000001,0.6000000000000001,0.6000000000000001,0.6000000000000001,0.6000000000000001,0.6000000000000001,0.6000000000000001,0.6000000000000001,0.6000000000000001,0.6000000000000001,0.6000000000000001,0.6000000000000001,0.6000000000000001,0.6000000000000001,0.6000000000000001,0.6000000000000001,0.6000000000000001,0.6000000000000001,0.6000000000000001,0.6000000000000001,0.6000000000000001,0.6000000000000001,0.6000000000000001,0.6000000000000001,0.6000000000000001,0.6000000000000001,0.6000000000000001,0.6000000000000001,0.6000000000000001,0.4,0.4,0.4,0.4,0.4,0.4,0.4,0.4,0.4,0.4,0.4,0.4,0.4,0.4,0.4,0.4,0.4,0.4,0.4,0.4,0.4,0.4,0.4,0.4,0.4
1.8,1.8,1.8,1.8,1.8,1.8,1.8266552314881048,1.8251869410589312,1.8221396618385717,1.8217570582700926,1.8211164159341409,1.8203803769607378,1.8196227973622878,1.818878642790613,1.8181643182673135,2.0,2.0,2.0,2.0,2.0,2.0,2.0,2.0,2.0,2.0,2.0,2.0,2.0,2.0,2.0,2.0,2.0,2.0,2.0,2.0,2.0,2.0,2.0,2.0,2.0,2.0,2.0,2.0,2.0,2.0,2.0,2.0,2.0,2.0,2.0,2.0,2.0,2.0,2.0,2.0,2.0,2.0,2.0,2.0,2.0,2.0,2.0,2.0,2.0,2.0,2.0,2.0,2.0,2.0,2.0,2.0,2.0,2.0,2.0,2.0,2.0,2.0,2.0,2.0,2.0,2.0,2.0,2.0,2.0,2.0,2.0,2.0,2.0,2.0,2.0,2.0,2.0,2.0,2.0,2.0,2.0,2.0,2.0,2.0,2.0
0.6000000000000001,0.6000000000000001,0.6000000000000001,0.6000000000000001,0.6000000000000001,0.6000000000000001,0.6000000000000001,0.6000000000000001,0.6000000000000001,0.6000000000000001,0.6000000000000001,0.6000000000000001,0.6000000000000001,0.6000000000000001,0.6000000000000001,0.6000000000000001,0.6000000000000001,0.6000000000000001,0.6000000000000001,0.6000000000000001,0.6000000000000001,0.6000000000000001,0.6000000000000001,0.6000000000000001,0.6000000000000001,0.6000000000000001,0.6000000000000001,0.6000000000000001,0.6000000000000001,0.6000000000000001,0.6000000000000001,0.6000000000000001,0.6000000000000001,0.6000000000000001,0.6000000000000001,0.6000000000000001,0.6000000000000001,0.6000000000000001,0.6000000000000001,0.6000000000000001,0.6000000000000001,0.6000000000000001,0.6000000000000001,0.6000000000000001,0.6000000000000001,0.6000000000000001,0.6000000000000001,0.6000000000000001,0.6000000000000001,0.6000000000000001,0.6000000000000001,0.6000000000000001,0.6000000000000001,0.6000000000000001,0.6000000000000001,0.6000000000000001,0.6000000000000001,0.4,0.4,0.4,0.4,0.4,0.4,0.4,0.4,0.4,0.4,0.4,0.4,0.4,0.4,0.4,0.4,0.4,0.4,0.4,0.4,0.4,0.4,0.4,0.4,0.4,0.4,0.4,0.4,0.4,0.4,0.4,0.4,0.4,0.4,0.4,0.4,0.4,0.4,0.4,0.4,0.4,0.4,0.4
1.0,1.291449906929833,1.1526572636674646,1.0922401896623621,1.251405776152829,1.1904644369495352,1.1467736412183887,1.1158076644707005,1.0933888548779565,1.1937566600686227,1.316633819007414,1.3126724922282862,1.3083127922818278,1.4452468249371941,1.4434166343227506,1.441683391517483,1.440055978853067,1.4385341895997528,1.6,1.6440244728420266,1.6439275682394592,1.6434471425680393,1.6427805545679492,1.6420171830435015,1.6412052014657448,1.6403728581636257,1.6395374930176543,1.6387100001606432,1.8,1.8,1.8,1.8,1.8,1.8,1.8,1.8,1.8,1.8,1.8,1.8,1.8,1.8,1.8,1.8,1.8,1.8,1.8,1.8,1.8,1.8,1.8,1.8,1.8,1.8,1.8,1.8,1.8,1.8,1.8,1.8,1.8,1.8,1.8,1.8,1.8,1.8,1.8,1.8,1.8,1.8,1.8,1.8,1.8,1.8,1.8,1.8,1.8,1.8,1.8,1.8,1.8,1.8,1.8,1.8,1.8,1.8,1.8,1.8,1.8,1.8,1.8,1.8,1.8,1.8,1.8,1.8,1.8,1.8,1.8,1.8
0.6000000000000001,0.6000000000000001,0.6000000000000001,0.6000000000000001,0.6000000000000001,0.6000000000000001,0.6000000000000001,0.6000000000000001,0.6000000000000001,0.6000000000000001,0.6000000000000001,0.6000000000000001,0.6000000000000001,0.6000000000000001,0.6000000000000001,0.6000000000000001,0.6000000000000001,0.6000000000000001,0.6000000000000001,0.6000000000000001,0.6000000000000001,0.6000000000000001,0.6000000000000001,0.6000000000000001,0.6000000000000001,0.6000000000000001,0.6000000000000001,0.6000000000000001,0.6000000000000001,0.6000000000000001,0.6000000000000001,0.6000000000000001,0.6000000000000001,0.6000000000000001,0.6000000000000001,0.6000000000000001,0.6000000000000001,0.6000000000000001,0.6000000000000001,0.6000000000000001,0.6000000000000001,0.6000000000000001,0.6000000000000001,0.6000000000000001,0.6000000000000001,0.6000000000000001,0.6000000000000001,0.6000000000000001,0.6000000000000001,0.6000000000000001,0.6000000000000001,0.6000000000000001,0.6000000000000001,0.6000000000000001,0.6000000000000001,0.6000000000000001,0.6000000000000001,0.6000000000000001,0.4,0.4,0.4,0.4,0.4,0.4,0.4,0.4,0.4,0.4,0.4,0.4,0.4,0.4,0.4,0.4,0.4,0.4,0.4,0.4,0.4,0.4,0.4,0.4,0.4,0.4,0.4,0.4,0.4,0.4,0.4,0.4,0.4,0.4,0.4,0.4,0.4,0.4,0.4,0.4,0.4,0.4
1.0,1.291449906929833,1.1526572636674646,1.0922401896623621,1.0613855153499683,1.1792526196396065,1.143864473505577,1.1158076644707005,1.0945277673105613,1.0888776159622284,1.3133834501148962,1.3115617138319673,1.3083127922818278,1.3046095969299016,1.443886099375337,1.4422729963765495,1.4407263002709725,1.439259051662009,1.4378749721787836,1.6,1.6,1.6,1.6,1.6,1.6,1.6,1.6360232858193875,1.6362437641914378,1.6361691552033817,1.6359326918377295,1.6355975326947343,1.6351996848428165,1.6347616950088926,1.6342984990088876,1.6338203591484686,1.8,1.8,1.8,1.8,1.8,1.8,1.8,1.8,1.8,1.8,1.8,1.8,1.8,1.8,1.8,1.8,1.8,1.8,1.8,1.8,1.8,1.8,1.8,1.8,1.8,1.8,1.8,1.8,1.8,1.8,1.8,1.8,1.8,1.8,1.8,1.8,1.8,1.8,1.8,1.8,1.8,1.8,1.8,1.8,1.8,1.8,1.8,1.8,1.8,1.8,1.8,1.8,1.8,1.8,1.8,1.8,1.8,1.8,1.8,1.8,1.8,1.8,1.8,1.8,1.8
1.8,1.8,1.8,1.8,1.8,1.8,1.8,1.8,1.8,1.8,1.8,1.8,1.8119559423617957,1.8142322045991066,1.8152425559947045,1.8156925996313455,1.8158427720788872,1.815818152713429,1.8156871863130386,1.8154903650498964,1.8152529009701865,2.0,2.0,2.0,2.0,2.0,2.0,2.0,2.0,2.0,2.0,2.0,2.0,2.0,2.0,2.0,2.0,2.0,2.0,2.0,2.0,2.0,2.0,2.0,2.0,2.0,2.0,2.0,2.0,2.0,2.0,2.0,2.0,2.0,2.0,2.0,2.0,2.0,2.0,2.0,2.0,2.0,2.0,2.0,2.0,2.0,2.0,2.0,2.0,2.0,2.0,2.0,2.0,2.0,2.0,2.0,2.0,2.0,2.0,2.0,2.0,2.0,2.0,2.0,2.0,2.0,2.0,2.0,2.0,2.0,2.0,2.0,2.0,2.0,2.0,2.0,2.0,2.0,2.0,2.0
1.0,1.291449906929833,1.1526572636674646,1.0922401896623621,1.0613855153499683,1.1792526196396065,1.143864473505577,1.1158076644707005,1.0945277673105613,1.0888776159622284,1.3133834501148962,1.3115617138319673,1.3083127922818278,1.3046095969299016,1.443886099375337,1.4422729963765495,1.4407263002709725,1.439259051662009,1.4378749721787836,1.6,1.6,1.6,1.6,1.6,1.6,1.6,1.6,1.6,1.6,1.6332207677605486,1.6335239621413058,1.6335572810326615,1.6334378802868785,1.6332219013768428,1.6329417879827248,1.6326181784264338,1.6322649901543858,1.6318919784754273,1.8,1.8378898234002723,1.8374414940847223,1.8369869063992548,1.8365296169110157,1.8360723354548298,1.8356171340741763,1.8351655980695796,1.8347189372596973,1.6342780692428343,1.8,1.8,1.8,1.8,1.8,1.8,1.8,1.8,1.8,1.8,1.8,1.8,1.8,1.8,1.8,1.8,1.8,1.8,1.8,1.8,1.8,1.8,1.8,1.8,1.8,1.8,1.8,1.8,1.8,1.8,1.8,1.8,1.8,1.8,1.8,1.8,1.8,1.8,1.8,1.8,1.8,1.8,1.8,1.8,1.8,1.8,1.8,1.8,1.8,1.8,1.8,1.8
2.0,2.0,2.1374998917861117,2.092240189662362,2.06405818054684,2.04663745938491,2.035320747831611,2.027609715765091,2.0221396618385716,2.02057079680481,2.019214148172057,2.2,2.2,2.2,2.2,2.2,2.2,2.2,2.2,2.2,2.2,2.2,2.2,2.2,2.2,2.2,2.2,2.2,2.2,2.2,2.2,2.2,2.2,2.2,2.2,2.2,2.2,2.2,2.2,2.2,2.2,2.2,2.2,2.2,2.2,2.2,2.2,2.2,2.2,2.2,2.2,2.2,2.2,2.2,2.2,2.2,2.2,2.2,2.2,2.2,2.2,2.2,2.2,2.2,2.2,2.2,2.2,2.2,2.2,2.2,2.2,2.2,2.2,2.2,2.2,2.2,2.2,2.2,2.2,2.2,2.2,2.2,2.2,2.2,2.2,2.2,2.2,2.2,2.2,2.2,2.2,2.2,2.2,2.2,2.2,2.2,2.2,2.2,2.2,2.2
1.0,1.291449906929833,1.1526572636674646,1.0922401896623621,1.251405776152829,1.1904644369495352,1.1467736412183887,1.1158076644707005,1.0933888548779565,1.1937566600686227,1.316633819007414,1.3126724922282862,1.3083127922818278,1.4452468249371941,1.4434166343227506,1.441683391517483,1.440055978853067,1.4385341895997528,1.6,1.6440244728420266,1.6439275682394592,1.6434471425680393,1.6427805545679492,1.6420171830435015,1.6412052014657448,1.6403728581636257,1.6395374930176543,1.6387100001606432,1.8,1.8,1.8,1.8,1.8,1.8,1.8,1.8,1.8,1.8,1.8,1.8,1.8,1.8,1.8,1.8,1.8,1.8,1.8,1.8,1.8,1.8,1.8,1.8,1.8,1.8,1.8,1.8,1.8,1.8,1.8,1.8,1.8,1.8,1.8,1.8,1.8,1.8,1.8,1.8,1.8,1.8,1.8,1.8,1.8,1.8,1.8,1.8,1.8,1.8,1.8,1.8,1.8,1.8,1.8,1.8,1.8,1.8,1.8,1.8,1.8,1.8,1.8,1.8,1.8,1.8,1.8,1.8,1.8,1.8,1.8,1.8
2.0,2.0,2.1374998917861117,2.092240189662362,2.06405818054684,2.1837485986576466,2.170565216348546,2.133290264499359,2.1068120562238706,2.0991647795809367,2.092549271009132,2.2377726155618074,2.2355640829075636,2.2336077618273804,2.4000000000000004,2.2,2.2,2.2,2.2,2.2,2.2,2.2,2.2,2.2,2.2,2.2,2.2,2.2,2.2,2.2,2.2,2.2,2.2,2.2,2.2,2.2,2.2,2.2,2.2,2.2,2.2,2.2,2.2,2.2,2.2,2.2,2.2,2.2,2.2,2.2,2.2,2.2,2.2,2.2,2.2,2.2,2.2,2.2,2.2,2.2,2.2,2.2,2.2,2.2,2.2,2.2,2.2,2.2,2.2,2.2,2.2,2.2,2.2,2.2,2.2,2.2,2.2,2.2,2.2,2.2,2.2,2.2,2.2,2.2,2.2,2.2,2.2,2.2,2.2,2.2,2.2,2.2,2.2,2.2,2.2,2.2,2.2,2.2,2.2,2.2
2.18815166454081,1.4914499069298333,1.3374998917861118,1.5561094642837539,1.4514057761528292,1.383748598657647,1.3392659159737856,1.308831045234679,1.2872116787086507,1.5132164892333702,1.5116355313004826,1.5083035839315675,1.645452733176251,1.643719520012855,1.6420251144110947,1.6404054297188826,1.6388745588840117,1.6374359380285137,1.8,1.8,1.8,1.8,1.8,1.8,1.8,1.8,1.8,1.8,1.8,1.8,1.8,1.8,1.8,1.8,1.8,1.8,1.8,1.8,1.8,1.8,1.8,1.8,1.8,1.8,1.8,1.8,1.8,1.8,1.8,1.8,1.8,1.8,1.8,1.8,1.8,1.8,1.8,1.8,1.8,1.8,1.8,1.8,1.8,1.8,1.8,1.8,1.8,1.8,1.8,1.8,1.8,1.8,1.8,1.8,1.8,1.8,1.8,1.8,1.8,1.8,1.8,1.8,1.8,1.8,1.8,1.8,1.8,1.8,1.8,1.8,1.8,1.8,1.8,1.8,1.8,1.8,1.8,1.8,1.8,1.8
2.0,2.0,2.0,2.0,2.051646246987129,2.0436518057554096,2.035320747831611,2.028682970182837,2.023583667352589,2.022306549029702,2.021116415934141,2.0200242898293967,2.0190279014955013,2.2,2.2,2.2,2.2,2.2,2.2,2.2,2.2,2.2,2.2,2.2,2.2,2.2,2.2,2.2,2.2,2.2,2.2,2.2,2.2,2.2,2.2,2.2,2.2,2.2,2.2,2.2,2.2,2.2,2.2,2.2,2.2,2.2,2.2,2.2,2.2,2.2,2.2,2.2,2.2,2.2,2.2,2.2,2.2,2.2,2.2,2.2,2.2,2.2,2.2,2.2,2.2,2.2,2.2,2.2,2.2,2.2,2.2,2.2,2.2,2.2,2.2,2.2,2.2,2.2,2.2,2.2,2.2,2.2,2.2,2.2,2.2,2.2,2.2,2.2,2.2,2.2,2.2,2.2,2.2,2.2,2.2,2.2,2.2,2.2,2.2,2.2
1.8,1.8,1.8,1.8,1.8,1.8,1.8,1.820439304643963,1.820038181784954,1.8205707968048102,1.8204421965507533,1.8200242898293968,1.8194773254942598,1.818878642790613,1.8182678301798147,1.8176656495384027,2.0,2.0,2.0,2.0,2.0,2.0,2.0,2.0,2.0,2.0,2.0,2.0,2.0,2.0,2.0,2.0,2.0,2.0,2.0,2.0,2.0,2.0,2.0,2.0,2.0,2.0,2.0,2.0,2.0,2.0,2.0,2.0,2.0,2.0,2.0,2.0,2.0,2.0,2.0,2.0,2.0,2.0,2.0,2.0,2.0,2.0,2.0,2.0,2.0,2.0,2.0,2.0,2.0,2.0,2.0,2.0,2.0,2.0,2.0,2.0,2.0,2.0,2.0,2.0,2.0,2.0,2.0,2.0,2.0,2.0,2.0,2.0,2.0,2.0,2.0,2.0,2.0,2.0,2.0,2.0,2.0,2.0,2.0,2.0
2.0,2.0,2.1374998917861117,2.092240189662362,2.06405818054684,2.04663745938491,2.035320747831611,2.027609715765091,2.0221396618385716,2.02057079680481,2.019214148172057,2.2,2.2,2.2,2.2,2.2,2.2,2.2,2.2,2.2,2.2,2.2,2.2,2.2,2.2,2.2,2.2,2.2,2.2,2.2,2.2,2.2,2.2,2.2,2.2,2.2,2.2,2.2,2.2,2.2,2.2,2.2,2.2,2.2,2.2,2.2,2.2,2.2,2.2,2.2,2.2,2.2,2.2,2.2,2.2,2.2,2.2,2.2,2.2,2.2,2.2,2.2,2.2,2.2,2.2,2.2,2.2,2.2,2.2,2.2,2.2,2.2,2.2,2.2,2.2,2.2,2.2,2.2,2.2,2.2,2.2,2.2,2.2,2.2,2.2,2.2,2.2,2.2,2.2,2.2,2.2,2.2,2.2,2.2,2.2,2.2,2.2,2.2,2.2,2.2
2.0,2.0,2.0,2.0,2.0,2.036141591707058,2.032564305573095,2.027609715765091,2.0232385971037523,2.022306549029702,2.0213322297606617,2.0203803769607376,2.0194773254942597,2.018632328966754,2.2,2.2,2.2,2.2,2.2,2.2,2.2,2.2,2.2,2.2,2.2,2.2,2.2,2.2,2.2,2.2,2.2,2.2,2.2,2.2,2.2,2.2,2.2,2.2,2.2,2.2,2.2,2.2,2.2,2.2,2.2,2.2,2.2,2.2,2.2,2.2,2.2,2.2,2.2,2.2,2.2,2.2,2.2,2.2,2.2,2.2,2.2,2.2,2.2,2.2,2.2,2.2,2.2,2.2,2.2,2.2,2.2,2.2,2.2,2.2,2.2,2.2,2.2,2.2,2.2,2.2,2.2,2.2,2.2,2.2,2.2,2.2,2.2,2.2,2.2,2.2,2.2,2.2,2.2,2.2,2.2,2.2,2.2,2.2,2.2,2.2
1.6,1.6,1.6,1.6795368877080188,1.6613855153499684,1.64663745938491,1.6361540486864732,1.6286829701828371,1.6232385971037524,1.6217570582700926,1.6204421965507534,1.6192733361270513,1.8,1.8,1.8,1.8,1.8,1.8,1.8,1.8,1.8,1.8,1.8,1.8,1.8,1.8,1.8,1.8,1.8,1.8,1.8,1.8,1.8,1.8,1.8,1.8,1.8,1.8,1.8,1.8,1.8,1.8,1.8,1.8,1.8,1.8,1.8,1.8,1.8,1.8,1.8,1.8,1.8,1.8,1.8,1.8,1.8,1.8,1.8,1.8,1.8,1.8,1.8,1.8,1.8,1.8,1.8,1.8,1.8,1.8,1.8,1.8,1.8,1.8,1.8,1.8,1.8,1.8,1.8,1.8,1.8,1.8,1.8,1.8,1.8,1.8,1.8,1.8,1.8,1.8,1.8,1.8,1.8,1.8,1.8,1.8,1.8,1.8,1.8,1.8
2.18815166454081,1.4914499069298333,1.3374998917861118,1.5561094642837539,1.4514057761528292,1.383748598657647,1.3392659159737856,1.308831045234679,1.2872116787086507,1.5132164892333702,1.5116355313004826,1.5083035839315675,1.645452733176251,1.643719520012855,1.6420251144110947,1.6404054297188826,1.6388745588840117,1.6374359380285137,1.8,1.8,1.8,1.8,1.8,1.8,1.8,1.8,1.8,1.8,1.8,1.8,1.8,1.8,1.8,1.8,1.8,1.8,1.8,1.8,1.8,1.8,1.8,1.8,1.8,1.8,1.8,1.8,1.8,1.8,1.8,1.8,1.8,1.8,1.8,1.8,1.8,1.8,1.8,1.8,1.8,1.8,1.8,1.8,1.8,1.8,1.8,1.8,1.8,1.8,1.8,1.8,1.8,1.8,1.8,1.8,1.8,1.8,1.8,1.8,1.8,1.8,1.8,1.8,1.8,1.8,1.8,1.8,1.8,1.8,1.8,1.8,1.8,1.8,1.8,1.8,1.8,1.8,1.8,1.8,1.8,1.8
1.6,1.6,1.7374998917861117,1.6922401896623622,1.66405818054684,1.64663745938491,1.635320747831611,1.6276097157650915,1.6221396618385717,1.6205707968048102,1.6192141481720572,1.8,1.8,1.8,1.8,1.8,1.8,1.8,1.8,1.8,1.8,1.8,1.8,1.8,1.8,1.8,1.8,1.8,1.8,1.814834774026626,1.8158405344922983,1.8188944514970973,1.8184152585203053,1.817960904436725,1.8175294788831804,1.817119263526699,1.8167287085024095,1.8163564122324973,2.0,2.019336522477951,1.8199408396825858,1.8203737678404543,1.822341824617379,1.8219222861864364,1.8215189415424244,1.821130859885772,1.8207571804808345,1.820397106217257,2.0,2.0223870350192894,2.022709834855663,1.8229538699129042,1.8231349534851706,1.8246161946721688,1.8242551936186326,1.823905084327645,1.8235653790640434,1.8232356184759155,2.0,2.0246918009697428,2.0248400100163044,2.02494956838407,1.8250264027295349,1.826218030286735,1.8258997811720692,1.8255894565160176,1.82528676593988,1.8249914326596466,2.0,2.026133773231334,2.0262020142120867,2.026247582339651,1.826273357072801,1.82628179080095,1.8272828403212795,1.8270069586140776,1.8267367544506323,1.8264720590563885,2.0,2.027399444790502,2.0274058498718683,2.027399132922074,2.0273807245627555,1.827351882019135,1.8273137145822544,1.8281837621032064,1.8279427364358645,1.8277058378424982,2.0,2.02847964126652,2.0284409540439383,2.0283948010965562,2.0291593850829597,2.0289309947009793,1.8287061631077577,1.828484814738594,1.8282668756650196,1.8280522735916749,2.0,2.0
1.6,1.6,1.7374998917861117,1.6922401896623622,1.66405818054684,1.64663745938491,1.635320747831611,1.6276097157650915,1.6221396618385717,1.6205707968048102,1.6192141481720572,1.8,1.8,1.8,1.8,1.8,1.8,1.8,1.8,1.8207119944554848,1.821767507021051,1.822260519476505,1.8224532755786853,1.82246460688118,1.8223596250198308,1.8221777554201333,1.8219443947351257,1.8216765993146269,2.0,2.0,2.0,2.0,2.0,2.0,2.0,2.0,2.0,2.0,2.0,2.0,2.0,2.0,2.0,2.0,2.0,2.0,2.0,2.0,2.0,2.0,2.0,2.0,2.0,2.0,2.0,2.0,2.0,2.0,2.0,2.0,2.0,2.0,2.0,2.0,2.0,2.0,2.0,2.0,2.0,2.0,2.0,2.0,2.0,2.0,2.0,2.0,2.0,2.0,2.0,2.0,2.0,2.0,2.0,2.0,2.0,2.0,2.0,2.0,2.0,2.0,2.0,2.0,2.0,2.0,2.0,2.0,2.0,2.0,2.0,2.0
2.0,2.0,2.0,2.0,2.0,2.0,2.0,2.0,2.0,2.0,2.0,2.0,2.0,2.0,2.0,2.0100487122759683,2.0121731681952344,2.0132284112187575,2.013791222538881,2.0140780125625817,2.0141951984032294,2.0142026910900572,2.0141370887446675,2.0140219965390997,2.2,2.2,2.2,2.2,2.2,2.2,2.2,2.2,2.2,2.2,2.2,2.2,2.2,2.2,2.2,2.2,2.2,2.2,2.2,2.2,2.2,2.2,2.2,2.2,2.2,2.2,2.2,2.2,2.2,2.2,2.2,2.2,2.2,2.2,2.2,2.2,2.2,2.2,2.2,2.2,2.2,2.2,2.2,2.2,2.2,2.2,2.2,2.2,2.2,2.2,2.2,2.2,2.2,2.2,2.2,2.2,2.2,2.2,2.2,2.2,2.2,2.2,2.2,2.2,2.2,2.2,2.2,2.2,2.2,2.2,2.2,2.2,2.2,2.2,2.2,2.2
1.8,1.8,1.8,1.8,1.8,1.8,1.8,1.820439304643963,1.820038181784954,1.8205707968048102,1.8204421965507533,1.8200242898293968,1.8194773254942598,1.818878642790613,1.8182678301798147,1.8176656495384027,2.0,2.0,2.0,2.0,2.0,2.0,2.0,2.0,2.0,2.0,2.0,2.0,2.0,2.0,2.0,2.0,2.0,2.0,2.0,2.0,2.0,2.0,2.0,2.0,2.0,2.0,2.0,2.0,2.0,2.0,2.0,2.0,2.0,2.0,2.0,2.0,2.0,2.0,2.0,2.0,2.0,2.0,2.0,2.0,2.0,2.0,2.0,2.0,2.0,2.0,2.0,2.0,2.0,2.0,2.0,2.0,2.0,2.0,2.0,2.0,2.0,2.0,2.0,2.0,2.0,2.0,2.0,2.0,2.0,2.0,2.0,2.0,2.0,2.0,2.0,2.0,2.0,2.0,2.0,2.0,2.0,2.0,2.0,2.0
2.0,2.0,2.0,2.0,2.0,2.0,2.0,2.0,2.0,2.0,2.0,2.0,2.0,2.0,2.0,2.0,2.0,2.0,2.0,2.0,2.0,2.0,2.0,2.0,2.0,2.0,2.0,2.0,2.0,2.0,2.0,2.0,2.0,2.0,2.0,2.0,2.0,2.0,2.0,2.0,2.0,2.0,2.0,2.0,2.0,2.0,2.0,2.0,2.0,2.0,2.0,2.0,2.0,2.0,2.0,2.0,2.0,2.0,2.0,2.0,2.0,2.0,2.0,2.0,2.0,2.0,2.0,2.0,2.0,2.0,2.0,2.0,2.0,2.0,2.0,2.0,2.0,2.0,2.0,2.002450508769109,2.003197373177472,2.0037005510931887,2.004081330750462,2.0043856175849006,2.004636629518321,2.0048480266057487,2.0050286443339287,2.0051845834156827,2.2,2.2,2.2,2.2,2.2,2.2,2.2,2.2,2.2,2.2,2.2,2.2
1.8,1.8,1.8,1.8,1.8,1.8,1.8,1.8,1.8161508625701628,1.818504307966777,1.8192141481720572,1.8192733361270512,1.8190279014955013,1.818632328966754,1.8181643182673135,1.8176656495384027,1.8171596385060276,2.0,2.0,2.0,2.0,2.0,2.0,2.0,2.0,2.0,2.0,2.0,2.0,2.0,2.0,2.0,2.0,2.0,2.0,2.0,2.0,2.0,2.0,2.0,2.0,2.0,2.0,2.0,2.0,2.0,2.0,2.0,2.0,2.0,2.0,2.0,2.0,2.0,2.0,2.0,2.0,2.0,2.0,2.0,2.0,2.0,2.0,2.0,2.0,2.0,2.0,2.0,2.0,2.0,2.0,2.0,2.0,2.0,2.0,2.0,2.0,2.0,2.0,2.0,2.0,2.0,2.0,2.0,2.0,2.0,2.0,2.0,2.0,2.0,2.0,2.0,2.0,2.0,2.0,2.0,2.0,2.0,2.0,2.0
1.6,1.6,1.6,1.6795368877080188,1.6613855153499684,1.64663745938491,1.6361540486864732,1.6286829701828371,1.6232385971037524,1.6217570582700926,1.6204421965507534,1.6192733361270513,1.8,1.8,1.8,1.8,1.8,1.8,1.8,1.8,1.8,1.8,1.8,1.8,1.8,1.8,1.8,1.8,1.8,1.8,1.8,1.8,1.8,1.8,1.8,1.8,1.8,1.8,1.8,1.8,1.8,1.8,1.8,1.8,1.8,1.8,1.8,1.8,1.8,1.8,1.8,1.8,1.8,1.8,1.8,1.8,1.8,1.8,1.8,1.8,1.8,1.8,1.8,1.8,1.8,1.8,1.8,1.8,1.8,1.8,1.8,1.8,1.8,1.8,1.8,1.8,1.8,1.8,1.8,1.8,1.8,1.8,1.8,1.8,1.8,1.8,1.8,1.8,1.8,1.8,1.8,1.8,1.8,1.8,1.8,1.8,1.8,1.8,1.8,1.8
2.0,2.0,2.0,2.0,2.0,2.0,2.0,2.0,2.0,2.0,2.0,2.0,2.0,2.0,2.0,2.0,2.0,2.0,2.0,2.0,2.0,2.0,2.0,2.0,2.0,2.0,2.0,2.0,2.0,2.0,2.0,2.0,2.0,2.0,2.0,2.0,2.0,2.0,2.0,2.0,2.0,2.0,2.0,2.0,2.0,2.0,2.0,2.0,2.0,2.0,2.0,2.0,2.0,2.0,2.0,2.0,2.0,2.0,2.0,2.0,2.0,2.0,2.0,2.0,2.0,2.0,2.0,2.0,2.0,2.0,2.0,2.0,2.0,2.0,2.0,2.0,2.0,2.0,2.0,2.0,2.0,2.0,2.0,2.0,2.0,2.0,2.0,2.0,2.0,2.0,2.0,2.0,2.0,2.0,2.0,2.0,2.0,2.0,2.0,2.0
2.18815166454081,1.4914499069298333,1.3374998917861118,1.2795368877080189,1.4328431303938647,1.3792526196396067,1.3392659159737856,1.3104496144241913,1.2893893253304702,1.4363825200470837,1.5082351646760144,1.507147523446016,1.5044229596593568,1.6440166314943887,1.642509949702771,1.641013410550935,1.6395649013686444,1.6381816556132038,1.636870349018041,1.8,1.8,1.8,1.8,1.8,1.8,1.8,1.8,1.8,1.8,1.8,1.8,1.8,1.8,1.8,1.8,1.8,1.8,1.8,1.8,1.8,1.8,1.8,1.8,1.8,1.8,1.8,1.8,1.8,1.8,1.8,1.8,1.8,1.8,1.8,1.8,1.8,1.8,1.8,1.8,1.8,1.8,1.8,1.8,1.8,1.8,1.8,1.8,1.8,1.8,1.8,1.8,1.8,1.8,1.8,1.8,1.8,1.8,1.8,1.8,1.8,1.8,1.8,1.8,1.8,1.8,1.8,1.8,1.8,1.8,1.8,1.8,1.8,1.8,1.8,1.8,1.8,1.8,1.8,1.8,1.8
1.0,1.291449906929833,1.1526572636674646,1.0922401896623621,1.0613855153499683,1.1792526196396065,1.143864473505577,1.1158076644707005,1.0945277673105613,1.0888776159622284,1.3133834501148962,1.3115617138319673,1.3083127922818278,1.3046095969299016,1.443886099375337,1.4422729963765495,1.4407263002709725,1.439259051662009,1.4378749721787836,1.6,1.6,1.6,1.6,1.6,1.6,1.6,1.6,1.6,1.6,1.6332207677605486,1.6335239621413058,1.6335572810326615,1.6334378802868785,1.6332219013768428,1.6329417879827248,1.6326181784264338,1.6322649901543858,1.6318919784754273,1.8,1.8,1.8,1.8,1.8,1.8,1.8,1.8,1.8,1.8,1.8,1.8,1.8,1.8,1.8,1.8,1.8,1.8,1.8,1.8,1.8,1.8,1.8,1.8,1.8,1.8,1.8,1.8,1.8,1.8,1.8,1.8,1.8,1.8,1.8,1.8,1.8,1.8,1.8,1.8,1.8,1.8,1.8,1.8,1.8,1.8,1.8,1.8,1.8,1.8,1.8,1.8,1.8,1.8,1.8,1.8,1.8,1.8,1.8,1.8,1.8,1.8
0.6000000000000001,0.6000000000000001,0.6000000000000001,0.6000000000000001,0.6000000000000001,0.6000000000000001,0.6000000000000001,0.6000000000000001,0.6000000000000001,0.6000000000000001,0.6000000000000001,0.6000000000000001,0.6000000000000001,0.6000000000000001,0.6000000000000001,0.6000000000000001,0.6000000000000001,0.6000000000000001,0.6000000000000001,0.6000000000000001,0.6000000000000001,0.6000000000000001,0.6000000000000001,0.6000000000000001,0.6000000000000001,0.6000000000000001,0.6000000000000001,0.6000000000000001,0.6000000000000001,0.6000000000000001,0.6000000000000001,0.6000000000000001,0.6000000000000001,0.6000000000000001,0.6000000000000001,0.6000000000000001,0.6000000000000001,0.6000000000000001,0.6000000000000001,0.6000000000000001,0.6000000000000001,0.6000000000000001,0.6000000000000001,0.6000000000000001,0.6000000000000001,0.6000000000000001,0.6000000000000001,0.6000000000000001,0.6000000000000001,0.6000000000000001,0.6000000000000001,0.6000000000000001,0.6000000000000001,0.6000000000000001,0.6000000000000001,0.6000000000000001,0.6000000000000001,0.6000000000000001,0.6000000000000001,0.6000000000000001,0.6000000000000001,0.6000000000000001,0.6000000000000001,0.6000000000000001,0.6000000000000001,0.6000000000000001,0.6000000000000001,0.6000000000000001,0.6000000000000001,0.6000000000000001,0.6000000000000001,0.6000000000000001,0.6000000000000001,0.6000000000000001,0.4,0.4,0.4,0.4,0.4,0.4,0.4,0.4,0.4,0.4,0.4,0.4,0.4,0.4,0.4,0.4,0.4,0.4,0.4,0.4,0.4,0.4,0.4,0.4,0.4,0.4
1.0,1.291449906929833,1.1526572636674646,1.0922401896623621,1.251405776152829,1.1904644369495352,1.1467736412183887,1.1158076644707005,1.0933888548779565,1.1937566600686227,1.316633819007414,1.3126724922282862,1.3083127922818278,1.4452468249371941,1.4434166343227506,1.441683391517483,1.440055978853067,1.5088544288251493,1.6470844898127812,1.6463787333637894,1.6454879440765482,1.644510902319804,1.6434992544018743,1.6424821885755818,1.6414768213704565,1.6404932885873071,1.8,1.8,1.8,1.8,1.8,1.8,1.8,1.8,1.8,1.8,1.8,1.8,1.8,1.8,1.8,1.8,1.8,1.8,1.8,1.8,1.8,1.8,1.8,1.8,1.8,1.8,1.8,1.8,1.8,1.8,1.8,1.8,1.8,1.8,1.8,1.8,1.8,1.8,1.8,1.8,1.8,1.8,1.8,1.8,1.8,1.8,1.8,1.8,1.8,1.8,1.8,1.8,1.8,1.8,1.8,1.8,1.8,1.8,1.8,1.8,1.8,1.8,1.8,1.8,1.8,1.8,1.8,1.8,1.8,1.8,1.8,1.8,1.8,1.8
2.18815166454081,1.4914499069298333,1.3374998917861118,1.2795368877080189,1.4328431303938647,1.3792526196396067,1.3392659159737856,1.3104496144241913,1.2893893253304702,1.4363825200470837,1.4341405277043304,1.4321495809660636,1.4963193604264258,1.6419450557989796,1.6412887661130877,1.6403481006575842,1.639285835657425,1.6381816556132038,1.637077495962811,1.6359960360248271,1.6349494263418176,1.8,1.8,1.8,1.8,1.8,1.8,1.8,1.8,1.8,1.8,1.8,1.8,1.8,1.8,1.8,1.8,1.8,1.8,1.8,1.8,1.8,1.8,1.8,1.8,1.8,1.8,1.8,1.8,1.8,1.8,1.8,1.8,1.8,1.8,1.8,1.8,1.8,1.8,1.8,1.8,1.8,1.8,1.8,1.8,1.8,1.8,1.8,1.8,1.8,1.8,1.8,1.8,1.8,1.8,1.8,1.8,1.8,1.8,1.8,1.8,1.8,1.8,1.8,1.8,1.8,1.8,1.8,1.8,1.8,1.8,1.8,1.8,1.8,1.8,1.8,1.8,1.8,1.8,1.8
1.6,1.6,1.7374998917861117,1.6922401896623622,1.66405818054684,1.64663745938491,1.635320747831611,1.6276097157650915,1.6221396618385717,1.6205707968048102,1.6192141481720572,1.8,1.8,1.8,1.8,1.8,1.8,1.8,1.8,1.8207119944554848,1.821767507021051,1.822260519476505,1.8224532755786853,1.82246460688118,1.8223596250198308,1.8221777554201333,1.8219443947351257,1.8216765993146269,2.0,2.0,2.0,2.0,2.0,2.0,2.0,2.0,2.0,2.0,2.0,2.0,2.0,2.0,2.0,2.0,2.0,2.0,2.0,2.0,2.0,2.0,2.0,2.0,2.0,2.0,2.0,2.0,2.0,2.0,2.0,2.0,2.0,2.0,2.0,2.0,2.0,2.0,2.0,2.0,2.0,2.0,2.0,2.0,2.0,2.0,2.0,2.0,2.0,2.0,2.0,2.0,2.0,2.0,2.0,2.0,2.0,2.0,2.0,2.0,2.0,2.0,2.0,2.0,2.0,2.0,2.0,2.0,2.0,2.0,2.0,2.0
2.0,2.0,2.0,2.0,2.051646246987129,2.0436518057554096,2.035320747831611,2.028682970182837,2.023583667352589,2.022306549029702,2.079780549212203,2.092511805872358,2.087780549061071,2.2363371697790617,2.234634655750603,2.2330825303270894,2.2316636479449645,2.2303627329365794,2.229166385603494,2.4000000000000004,2.2,2.2,2.2,2.2,2.2,2.2,2.2,2.2,2.2,2.2,2.2,2.2,2.2,2.2,2.2,2.2,2.2,2.2,2.2,2.2,2.2,2.2,2.2,2.2,2.2,2.2,2.2,2.2,2.2,2.2,2.2,2.2,2.2,2.2,2.2,2.2,2.2,2.2,2.2,2.2,2.2,2.2,2.2,2.2,2.2,2.2,2.2,2.2,2.2,2.2,2.2,2.2,2.2,2.2,2.2,2.2,2.2,2.2,2.2,2.2,2.2,2.2,2.2,2.2,2.2,2.2,2.2,2.2,2.2,2.2,2.2,2.2,2.2,2.2,2.2,2.2,2.2,2.2,2.2,2.2
1.0,1.291449906929833,1.1526572636674646,1.0922401896623621,1.251405776152829,1.1904644369495352,1.1467736412183887,1.1158076644707005,1.0933888548779565,1.1937566600686227,1.316633819007414,1.3126724922282862,1.3083127922818278,1.4452468249371941,1.4434166343227506,1.441683391517483,1.440055978853067,1.4385341895997528,1.6456472883975366,1.645457600959156,1.6448719959049283,1.644100201657766,1.6432361234272124,1.6423296714719708,1.6414096244338678,1.6404932885873071,1.6395912578419627,1.8,1.8,1.8,1.8,1.8,1.8,1.8,1.8,1.8,1.8,1.8,1.8,1.8,1.8,1.8,1.8,1.8,1.8,1.8,1.8,1.8,1.8,1.8,1.8,1.8,1.8,1.8,1.8,1.8,1.8,1.8,1.8,1.8,1.8,1.8,1.8,1.8,1.8,1.8,1.8,1.8,1.8,1.8,1.8,1.8,1.8,1.8,1.8,1.8,1.8,1.8,1.8,1.8,1.8,1.8,1.8,1.8,1.8,1.8,1.8,1.8,1.8,1.8,1.8,1.8,1.8,1.8,1.8,1.8,1.8,1.8,1.8,1.8
2.0,2.0,2.0,2.0,2.051646246987129,2.0436518057554096,2.035320747831611,2.028682970182837,2.023583667352589,2.0844156981433257,2.0977108184844493,2.092511805872358,2.087780549061071,2.2363371697790617,2.234634655750603,2.2330825303270894,2.2316636479449645,2.2303627329365794,2.4000000000000004,2.2,2.2,2.2,2.2,2.2,2.2,2.2,2.2,2.2,2.2,2.2,2.2,2.2,2.2,2.2,2.2,2.2,2.2,2.2,2.2,2.2,2.2,2.2,2.2,2.2,2.2,2.2,2.2,2.2,2.2,2.2,2.2,2.2,2.2,2.2,2.2,2.2,2.2,2.2,2.2,2.2,2.2,2.2,2.2,2.2,2.2,2.2,2.2,2.2,2.2,2.2,2.2,2.2,2.2,2.2,2.2,2.2,2.2,2.2,2.2,2.2,2.2,2.2,2.2,2.2,2.2,2.2,2.2,2.2,2.2,2.2,2.2,2.2,2.2,2.2,2.2,2.2,2.2,2.2,2.2,2.2
2.18815166454081,1.4914499069298333,1.3374998917861118,1.5561094642837539,1.4514057761528292,1.383748598657647,1.3392659159737856,1.308831045234679,1.2872116787086507,1.5132164892333702,1.5116355313004826,1.5083035839315675,1.645452733176251,1.643719520012855,1.6420251144110947,1.6404054297188826,1.6388745588840117,1.6374359380285137,1.8,1.8,1.8,1.8,1.8,1.8,1.8,1.8,1.8,1.8,1.8,1.8,1.8,1.8,1.8,1.8,1.8,1.8,1.8,1.8,1.8,1.8,1.8,1.8,1.8,1.8,1.8,1.8,1.8,1.8,1.8,1.8,1.8,1.8,1.8,1.8,1.8,1.8,1.8,1.8,1.8,1.8,1.8,1.8,1.8,1.8,1.8,1.8,1.8,1.8,1.8,1.8,1.8,1.8,1.8,1.8,1.8,1.8,1.8,1.8,1.8,1.8,1.8,1.8,1.8,1.8,1.8,1.8,1.8,1.8,1.8,1.8,1.8,1.8,1.8,1.8,1.8,1.8,1.8,1.8,1.8,1.8
1.6,1.6,1.7374998917861117,1.6922401896623622,1.66405818054684,1.64663745938491,1.635320747831611,1.6276097157650915,1.6221396618385717,1.6205707968048102,1.6192141481720572,1.8,1.8,1.8,1.8,1.8,1.8,1.8,1.8,1.8,1.8,1.8,1.8,1.8,1.8,1.8,1.8,1.8,1.8,1.8,1.8,1.8,1.8,1.8,1.8,1.8,1.8,1.8,1.8,1.8116295056423213,1.813945713956485,1.8136610048445363,1.8133882335804752,1.813126652466657,1.8128755754607364,1.812634371921913,1.8124024611049931,1.8121793072998658,2.0,1.8149475994623734,1.815743679781527,1.817312646893965,1.8170331302374159,1.8167629210227654,1.8165015545557617,1.816248596793899,1.8160036418515404,1.8157663097451313,2.0,2.0177181507936948,1.8182698940902682,1.8194635724082298,1.8192010551345783,1.8189458636777658,1.8186976908290369,1.8184562464292704,1.8182212561997997,1.8179924606681157,2.0,2.0195030964842906,1.8199227502609732,1.820272811041136,1.8212559311137229,1.821015165260805,1.8207800559086829,1.820550403205137,1.8203260166407418,1.8201067145098244,2.0,2.0213043933211567,2.0215912240837652,1.8218363220225722,1.8220456395499054,1.8228955554688815,1.8226740369484875,1.8224569665994297,1.8222442103586198,1.8220356394877084,2.0,2.0230097386820654,2.0237329993016164,2.0235207604194736,1.823312464406398,1.8231080012235896,1.8229072648828926,1.8227101532638177,1.8225165679402338,1.8223264140161468,2.0,1.8
2.0,2.0,2.0,2.0795368877080187,2.0613855153499685,2.04663745938491,2.036154048686473,2.028682970182837,2.0232385971037523,2.0217570582700923,2.0204421965507535,2.019273336127051,2.2,2.2,2.2,2.2,2.2,2.2,2.2,2.2,2.2,2.2,2.2,2.2,2.2,2.2,2.2,2.2,2.2,2.2,2.2,2.2,2.2,2.2,2.2,2.2,2.2,2.2,2.2,2.2,2.2,2.2,2.2,2.2,2.2,2.2,2.2,2.2,2.2,2.2,2.2,2.2,2.2,2.2,2.2,2.2,2.2,2.2,2.2,2.2,2.2,2.2,2.2,2.2,2.2,2.2,2.2,2.2,2.2,2.2,2.2,2.2,2.2,2.2,2.2,2.2,2.2,2.2,2.2,2.2,2.2,2.2,2.2,2.2,2.2,2.2,2.2,2.2,2.2,2.2,2.2,2.2,2.2,2.2,2.2,2.2,2.2,2.2,2.2,2.2
2.0,2.0,2.0,2.0,2.051646246987129,2.0436518057554096,2.035320747831611,2.028682970182837,2.023583667352589,2.022306549029702,2.021116415934141,2.0200242898293967,2.0190279014955013,2.2,2.2,2.2,2.2,2.2,2.2,2.2,2.2,2.2,2.2,2.2,2.2,2.2,2.2,2.2,2.2,2.2,2.2,2.2,2.2,2.2,2.2,2.2,2.2,2.2,2.2,2.2,2.2,2.2,2.2,2.2,2.2,2.2,2.2,2.2,2.2,2.2,2.2,2.2,2.2,2.2,2.2,2.2,2.2,2.2,2.2,2.2,2.2,2.2,2.2,2.2,2.2,2.2,2.2,2.2,2.2,2.2,2.2,2.2,2.2,2.2,2.2,2.2,2.2,2.2,2.2,2.2,2.2,2.2,2.2,2.2,2.2,2.2,2.2,2.2,2.2,2.2,2.2,2.2,2.2,2.2,2.2,2.2,2.2,2.2,2.2,2.2
2.0,2.0,2.1374998917861117,2.092240189662362,2.06405818054684,2.1837485986576466,2.170565216348546,2.133290264499359,2.1068120562238706,2.0991647795809367,2.092549271009132,2.2377726155618074,2.2355640829075636,2.2336077618273804,2.4000000000000004,2.2,2.2,2.2,2.2,2.2,2.2,2.2,2.2,2.2,2.2,2.2,2.2,2.2,2.2,2.2,2.2,2.2,2.2,2.2,2.2,2.2,2.2,2.2,2.2,2.2,2.2,2.2,2.2,2.2,2.2,2.2,2.2,2.2,2.2,2.2,2.2,2.2,2.2,2.2,2.2,2.2,2.2,2.2,2.2,2.2,2.2,2.2,2.2,2.2,2.2,2.2,2.2,2.2,2.2,2.2,2.2,2.2,2.2,2.2,2.2,2.2,2.2,2.2,2.2,2.2,2.2,2.2,2.2,2.2,2.2,2.2,2.2,2.2,2.2,2.2,2.2,2.2,2.2,2.2,2.2,2.2,2.2,2.2,2.2,2.2
1.6,1.6,1.7374998917861117,1.6922401896623622,1.66405818054684,1.64663745938491,1.635320747831611,1.6276097157650915,1.6221396618385717,1.6205707968048102,1.6192141481720572,1.8,1.8,1.8,1.8,1.8,1.8,1.8,1.8,1.8,1.8,1.8,1.8,1.8,1.8,1.8,1.8,1.8,1.8,1.814834774026626,1.8176759819687596,1.817210442184608,1.816769953036798,1.8163525139467829,1.815956333284461,1.8155798017028661,1.8152214694581084,1.8148800270369523,2.0,1.8180844918461811,1.818939800860423,1.82075048239004,1.8203431390038207,1.819952233605507,1.819576775933574,1.8192158541670882,1.8188686272965346,1.8185343183673999,2.0,2.02068396766115,1.821242193605849,1.8216724448106494,1.8220051461656117,1.8234059472995876,1.8230550123944653,1.8227149349560305,1.8223852131895402,1.8220653757462901,2.0,2.023582263255324,2.0238416231479444,2.02404680611332,1.8251772427820427,1.8248577131374595,1.8245465557300917,1.824243443527816,1.823948066192189,1.8236601290450456,2.0,2.024857474924946,2.0250309726185645,1.8251702252949629,1.8252799291610078,1.826228677495966,1.8259498579747757,1.8256771476335276,1.825410348051773,1.8251492691375162,2.0,2.026120259077679,2.026216119715989,2.0262910367592477,1.8263474096436028,1.8263873069557996,1.8272138289525504,1.826967571764478,1.8267258801558046,1.8264886303737018,2.0,2.0272951143619853,2.0273293532357335,2.028050607618854,2.0278167422433855,1.8275868693818327,1.8273608896045221,1.8271387065758868,1.8269202269488563,1.826705360262306,2.0,2.0
2.0,2.0,2.0,2.0,2.051646246987129,2.0436518057554096,2.035320747831611,2.028682970182837,2.023583667352589,2.0844156981433257,2.0977108184844493,2.092511805872358,2.087780549061071,2.2363371697790617,2.234634655750603,2.2330825303270894,2.2316636479449645,2.2303627329365794,2.4000000000000004,2.2,2.2,2.2,2.2,2.2,2.2,2.2,2.2,2.2,2.2,2.2,2.2,2.2,2.2,2.2,2.2,2.2,2.2,2.2,2.2,2.2,2.2,2.2,2.2,2.2,2.2,2.2,2.2,2.2,2.2,2.2,2.2,2.2,2.2,2.2,2.2,2.2,2.2,2.2,2.2,2.2,2.2,2.2,2.2,2.2,2.2,2.2,2.2,2.2,2.2,2.2,2.2,2.2,2.2,2.2,2.2,2.2,2.2,2.2,2.2,2.2,2.2,2.2,2.2,2.2,2.2,2.2,2.2,2.2,2.2,2.2,2.2,2.2,2.2,2.2,2.2,2.2,2.2,2.2,2.2,2.2
2.18815166454081,1.4914499069298333,1.3374998917861118,1.2795368877080189,1.4328431303938647,1.3792526196396067,1.3392659159737856,1.3104496144241913,1.2893893253304702,1.4363825200470837,1.5082351646760144,1.507147523446016,1.5044229596593568,1.6440166314943887,1.642509949702771,1.641013410550935,1.6395649013686444,1.6381816556132038,1.636870349018041,1.8,1.8,1.8,1.8,1.8,1.8,1.8,1.8,1.8,1.8,1.8,1.8,1.8,1.8,1.8,1.8,1.8,1.8,1.8,1.8,1.8,1.8,1.8,1.8,1.8,1.8,1.8,1.8,1.8,1.8,1.8,1.8,1.8,1.8,1.8,1.8,1.8,1.8,1.8,1.8,1.8,1.8,1.8,1.8,1.8,1.8,1.8,1.8,1.8,1.8,1.8,1.8,1.8,1.8,1.8,1.8,1.8,1.8,1.8,1.8,1.8,1.8,1.8,1.8,1.8,1.8,1.8,1.8,1.8,1.8,1.8,1.8,1.8,1.8,1.8,1.8,1.8,1.8,1.8,1.8,1.8
2.0,2.0,2.0,2.0,2.051646246987129,2.0436518057554096,2.035320747831611,2.028682970182837,2.023583667352589,2.022306549029702,2.021116415934141,2.0200242898293967,2.0190279014955013,2.2,2.2,2.2,2.2,2.2,2.2,2.2,2.2,2.2,2.2,2.2,2.2,2.2,2.2,2.2,2.2,2.2,2.2,2.2,2.2,2.2,2.2,2.2,2.2,2.2,2.2,2.2,2.2,2.2,2.2,2.2,2.2,2.2,2.2,2.2,2.2,2.2,2.2,2.2,2.2,2.2,2.2,2.2,2.2,2.2,2.2,2.2,2.2,2.2,2.2,2.2,2.2,2.2,2.2,2.2,2.2,2.2,2.2,2.2,2.2,2.2,2.2,2.2,2.2,2.2,2.2,2.2,2.2,2.2,2.2,2.2,2.2,2.2,2.2,2.2,2.2,2.2,2.2,2.2,2.2,2.2,2.2,2.2,2.2,2.2,2.2,2.2
1.6,1.6,1.7374998917861117,1.6922401896623622,1.66405818054684,1.64663745938491,1.635320747831611,1.6276097157650915,1.6221396618385717,1.6205707968048102,1.6192141481720572,1.8,1.8,1.8,1.8,1.8,1.8,1.8,1.8,1.8,1.8,1.8,1.8,1.8,1.8,1.8,1.8,1.8,1.8,1.8,1.8,1.8,1.8,1.8,1.8,1.8,1.8,1.8,1.8,1.8,1.8,1.8,1.8,1.8,1.8,1.8,1.8,1.8,1.8,1.8,1.8,1.8,1.8,1.8,1.8,1.8,1.8,1.8,1.8,1.8,1.8,1.8,1.8,1.8,1.8,1.8,1.8,1.8,1.8,1.8,1.8,1.8,1.8,1.8,1.8,1.8,1.8,1.8,1.8,1.8,1.8,1.8,1.8,1.8,1.8,1.8,1.8,1.8,1.8,1.8,1.8,1.8,1.8,1.8,1.8,1.8,1.8,1.8,1.8,1.8
0.6000000000000001,0.6000000000000001,0.6000000000000001,0.6000000000000001,0.6000000000000001,0.6000000000000001,0.6000000000000001,0.6000000000000001,0.6000000000000001,0.6000000000000001,0.6000000000000001,0.6000000000000001,0.6000000000000001,0.6000000000000001,0.6000000000000001,0.6000000000000001,0.6000000000000001,0.6000000000000001,0.6000000000000001,0.6000000000000001,0.6000000000000001,0.6000000000000001,0.6000000000000001,0.6000000000000001,0.6000000000000001,0.6000000000000001,0.6000000000000001,0.6000000000000001,0.6000000000000001,0.6000000000000001,0.6000000000000001,0.6000000000000001,0.6000000000000001,0.6000000000000001,0.6000000000000001,0.6000000000000001,0.6000000000000001,0.6000000000000001,0.6000000000000001,0.6000000000000001,0.6000000000000001,0.6000000000000001,0.6000000000000001,0.6000000000000001,0.6000000000000001,0.6000000000000001,0.6000000000000001,0.6000000000000001,0.6000000000000001,0.6000000000000001,0.6000000000000001,0.6000000000000001,0.6000000000000001,0.6000000000000001,0.6000000000000001,0.6000000000000001,0.6000000000000001,0.6000000000000001,0.6000000000000001,0.6000000000000001,0.6000000000000001,0.6000000000000001,0.6000000000000001,0.6000000000000001,0.6000000000000001,0.6000000000000001,0.6000000000000001,0.6000000000000001,0.6000000000000001,0.4,0.4,0.4,0.4,0.4,0.4,0.4,0.4,0.4,0.4,0.4,0.4,0.4,0.4,0.4,0.4,0.4,0.4,0.4,0.4,0.4,0.4,0.4,0.4,0.4,0.4,0.4,0.4,0.4,0.4,0.4
2.18815166454081,1.4914499069298333,1.3374998917861118,1.2795368877080189,1.4328431303938647,1.3792526196396067,1.3392659159737856,1.3104496144241913,1.2893893253304702,1.4363825200470837,1.5082351646760144,1.507147523446016,1.5044229596593568,1.6440166314943887,1.642509949702771,1.641013410550935,1.6395649013686444,1.6381816556132038,1.636870349018041,1.8,1.8,1.8,1.8,1.8,1.8,1.8,1.8,1.8,1.8,1.8,1.8,1.8,1.8,1.8,1.8,1.8,1.8,1.8,1.8,1.8,1.8,1.8,1.8,1.8,1.8,1.8,1.8,1.8,1.8,1.8,1.8,1.8,1.8,1.8,1.8,1.8,1.8,1.8,1.8,1.8,1.8,1.8,1.8,1.8,1.8,1.8,1.8,1.8,1.8,1.8,1.8,1.8,1.8,1.8,1.8,1.8,1.8,1.8,1.8,1.8,1.8,1.8,1.8,1.8,1.8,1.8,1.8,1.8,1.8,1.8,1.8,1.8,1.8,1.8,1.8,1.8,1.8,1.8,1.8,1.8
2.18815166454081,1.4914499069298333,1.3374998917861118,1.2795368877080189,1.4328431303938647,1.3792526196396067,1.3392659159737856,1.3104496144241913,1.2893893253304702,1.4363825200470837,1.5082351646760144,1.507147523446016,1.5044229596593568,1.6440166314943887,1.642509949702771,1.641013410550935,1.6395649013686444,1.6381816556132038,1.636870349018041,1.8,1.8,1.8,1.8,1.8,1.8,1.8,1.8,1.8,1.8,1.8,1.8,1.8,1.8,1.8,1.8,1.8,1.8,1.8,1.8,1.8,1.8,1.8,1.8,1.8,1.8,1.8,1.8,1.8,1.8,1.8,1.8,1.8,1.8,1.8,1.8,1.8,1.8,1.8,1.8,1.8,1.8,1.8,1.8,1.8,1.8,1.8,1.8,1.8,1.8,1.8,1.8,1.8,1.8,1.8,1.8,1.8,1.8,1.8,1.8,1.8,1.8,1.8,1.8,1.8,1.8,1.8,1.8,1.8,1.8,1.8,1.8,1.8,1.8,1.8,1.8,1.8,1.8,1.8,1.8,1.8
2.0,2.0,2.0,2.0,2.051646246987129,2.0436518057554096,2.035320747831611,2.028682970182837,2.023583667352589,2.0844156981433257,2.0977108184844493,2.092511805872358,2.087780549061071,2.2363371697790617,2.234634655750603,2.2330825303270894,2.2316636479449645,2.2303627329365794,2.4000000000000004,2.2,2.2,2.2,2.2,2.2,2.2,2.2,2.2,2.2,2.2,2.2,2.2,2.2,2.2,2.2,2.2,2.2,2.2,2.2,2.2,2.2,2.2,2.2,2.2,2.2,2.2,2.2,2.2,2.2,2.2,2.2,2.2,2.2,2.2,2.2,2.2,2.2,2.2,2.2,2.2,2.2,2.2,2.2,2.2,2.2,2.2,2.2,2.2,2.2,2.2,2.2,2.2,2.2,2.2,2.2,2.2,2.2,2.2,2.2,2.2,2.2,2.2,2.2,2.2,2.2,2.2,2.2,2.2,2.2,2.2,2.2,2.2,2.2,2.2,2.2,2.2,2.2,2.2,2.2,2.2,2.2
2.18815166454081,1.4914499069298333,1.3374998917861118,1.2795368877080189,1.4328431303938647,1.3792526196396067,1.3392659159737856,1.3104496144241913,1.2893893253304702,1.4363825200470837,1.4341405277043304,1.4321495809660636,1.4963193604264258,1.6419450557989796,1.6412887661130877,1.6403481006575842,1.639285835657425,1.6381816556132038,1.637077495962811,1.6359960360248271,1.6349494263418176,1.8,1.8,1.8,1.8,1.8,1.8,1.8,1.8,1.8,1.8,1.8,1.8,1.8,1.8,1.8,1.8,1.8,1.8,1.8,1.8,1.8,1.8,1.8,1.8,1.8,1.8,1.8,1.8,1.8,1.8,1.8,1.8,1.8,1.8,1.8,1.8,1.8,1.8,1.8,1.8,1.8,1.8,1.8,1.8,1.8,1.8,1.8,1.8,1.8,1.8,1.8,1.8,1.8,1.8,1.8,1.8,1.8,1.8,1.8,1.8,1.8,1.8,1.8,1.8,1.8,1.8,1.8,1.8,1.8,1.8,1.8,1.8,1.8,1.8,1.8,1.8,1.8,1.8,1.8
2.0,2.0,2.0,2.0,2.051646246987129,2.0436518057554096,2.035320747831611,2.028682970182837,2.023583667352589,2.022306549029702,2.021116415934141,2.0200242898293967,2.0190279014955013,2.2,2.2,2.2,2.2,2.2,2.2,2.2,2.2,2.2,2.2,2.2,2.2,2.2,2.2,2.2,2.2,2.2,2.2,2.2,2.2,2.2,2.2,2.2,2.2,2.2,2.2,2.2,2.2,2.2,2.2,2.2,2.2,2.2,2.2,2.2,2.2,2.2,2.2,2.2,2.2,2.2,2.2,2.2,2.2,2.2,2.2,2.2,2.2,2.2,2.2,2.2,2.2,2.2,2.2,2.2,2.2,2.2,2.2,2.2,2.2,2.2,2.2,2.2,2.2,2.2,2.2,2.2,2.2,2.2,2.2,2.2,2.2,2.2,2.2,2.2,2.2,2.2,2.2,2.2,2.2,2.2,2.2,2.2,2.2,2.2,2.2,2.2
1.6,1.6,1.7374998917861117,1.6922401896623622,1.66405818054684,1.64663745938491,1.635320747831611,1.6276097157650915,1.6221396618385717,1.6205707968048102,1.6192141481720572,1.8,1.8,1.8,1.8,1.8,1.8,1.8,1.8,1.8,1.8,1.8,1.8,1.8,1.8,1.8,1.8,1.8,1.8,1.8,1.8,1.8,1.8,1.8,1.8,1.8,1.8,1.8,1.8,1.8,1.8,1.8,1.8,1.8,1.8,1.8,1.8,1.8,1.8,1.8095998178958752,1.8115576193755902,1.811364896412406,1.8111787925973442,1.8109989670573683,1.810825102123357,1.8106569013793528,1.8104940879059281,1.8103364026954587,2.0,1.8127699744762826,1.8140738917125465,1.813876497379014,1.813684818298516,1.8134986057357054,1.8133176253002075,1.8131416559223985,1.812970488915946,1.812803927118645,2.0,1.8146815400015537,1.815334966589601,1.8163650467394028,1.8161713671496351,1.815982433877168,1.8157980717043554,1.815618114000756,1.8154424022012803,1.8152707853220162,2.0,2.016732797936468,1.8172226219646073,1.8176365866073636,1.8185145306716635,1.8183267238821106,1.818142873311323,1.817962853259678,1.8177865433323275,1.817613828161593,2.0,2.0,2.0,1.8,1.8,1.8,1.8,1.8,1.8,1.8,1.8,1.8
2.0,2.0,2.0,2.0,2.0,2.0,2.0266552314881046,2.0251869410589314,2.0221396618385716,2.0217570582700923,2.021116415934141,2.0203803769607376,2.019622797362288,2.0188786427906127,2.0181643182673135,2.2,2.2,2.2,2.2,2.2,2.2,2.2,2.2,2.2,2.2,2.2,2.2,2.2,2.2,2.2,2.2,2.2,2.2,2.2,2.2,2.2,2.2,2.2,2.2,2.2,2.2,2.2,2.2,2.2,2.2,2.2,2.2,2.2,2.2,2.2,2.2,2.2,2.2,2.2,2.2,2.2,2.2,2.2,2.2,2.2,2.2,2.2,2.2,2.2,2.2,2.2,2.2,2.2,2.2,2.2,2.2,2.2,2.2,2.2,2.2,2.2,2.2,2.2,2.2,2.2,2.2,2.2,2.2,2.2,2.2,2.2,2.2,2.2,2.2,2.2,2.2,2.2,2.2,2.2,2.2,2.2,2.2,2.2,2.2,2.2
2.18815166454081,1.4914499069298333,1.3374998917861118,1.2795368877080189,1.4328431303938647,1.3792526196396067,1.3392659159737856,1.3104496144241913,1.2893893253304702,1.4363825200470837,1.5082351646760144,1.507147523446016,1.5044229596593568,1.6440166314943887,1.642509949702771,1.641013410550935,1.6395649013686444,1.6381816556132038,1.636870349018041,1.8,1.8,1.8,1.8,1.8,1.8,1.8,1.8,1.8,1.8,1.8,1.8,1.8,1.8,1.8,1.8,1.8,1.8,1.8,1.8,1.8,1.8,1.8,1.8,1.8,1.8,1.8,1.8,1.8,1.8,1.8,1.8,1.8,1.8,1.8,1.8,1.8,1.8,1.8,1.8,1.8,1.8,1.8,1.8,1.8,1.8,1.8,1.8,1.8,1.8,1.8,1.8,1.8,1.8,1.8,1.8,1.8,1.8,1.8,1.8,1.8,1.8,1.8,1.8,1.8,1.8,1.8,1.8,1.8,1.8,1.8,1.8,1.8,1.8,1.8,1.8,1.8,1.8,1.8,1.8,1.8
1.8,1.8,1.8,1.8,1.8,1.8361415917070585,1.8325643055730951,1.8276097157650915,1.8232385971037524,1.8223065490297021,1.8213322297606618,1.8203803769607378,1.8194773254942598,1.818632328966754,2.0,2.0,2.0,2.0,2.0,2.0,2.0,2.0,2.0,2.0,2.0,2.0,2.0,2.0,2.0,2.0,2.0,2.0,2.0,2.0,2.0,2.0,2.0,2.0,2.0,2.0,2.0,2.0,2.0,2.0,2.0,2.0,2.0,2.0,2.0,2.0,2.0,2.0,2.0,2.0,2.0,2.0,2.0,2.0,2.0,2.0098543739979196,2.010403432293516,2.010803841732065,2.011111697342271,2.0113543963533966,2.0115481895836087,2.0117037740596095,2.0118286730551045,2.0119284275703078,2.2,2.2,2.2,2.2,2.2,2.2,2.2,2.2,2.2,2.2,2.2,2.2,2.2,2.2,2.2,2.2,2.2,2.2,2.2,2.2,2.2,2.2,2.2,2.2,2.2,2.2,2.2,2.2,2.2,2.2,2.2,2.2
1.0,1.291449906929833,1.1526572636674646,1.0922401896623621,1.251405776152829,1.1904644369495352,1.1467736412183887,1.1158076644707005,1.0933888548779565,1.1937566600686227,1.316633819007414,1.3126724922282862,1.3083127922818278,1.4452468249371941,1.4434166343227506,1.441683391517483,1.440055978853067,1.4385341895997528,1.6456472883975366,1.645457600959156,1.6448719959049283,1.644100201657766,1.6432361234272124,1.6423296714719708,1.6414096244338678,1.6404932885873071,1.6395912578419627,1.8,1.8,1.8,1.8,1.8,1.8,1.8,1.8,1.8,1.8,1.8,1.8,1.8,1.8,1.8,1.8,1.8,1.8,1.8,1.8,1.8,1.8,1.8,1.8,1.8,1.8,1.8,1.8,1.8,1.8,1.8,1.8,1.8,1.8,1.8,1.8,1.8,1.8,1.8,1.8,1.8,1.8,1.8,1.8,1.8,1.8,1.8,1.8,1.8,1.8,1.8,1.8,1.8,1.8,1.8,1.8,1.8,1.8,1.8,1.8,1.8,1.8,1.8,1.8,1.8,1.8,1.8,1.8,1.8,1.8,1.8,1.8,1.8
2.0,2.0,2.0,2.0,2.0,2.0,2.0,2.0,2.0,2.0,2.0,2.0,2.0,2.0,2.0,2.0,2.0,2.0,2.0,2.0,2.0,2.0,2.0,2.0,2.0,2.0,2.0,2.0,2.0,2.0,2.0,2.0,2.0,2.0,2.0,2.0,2.0,2.0,2.0,2.0,2.0,2.0,2.0,2.0,2.0,2.0,2.0,2.0,2.0,2.0,2.0,2.0,2.0,2.0,2.0,2.0,2.0,2.0,2.0,2.0,2.0,2.0,2.0,2.0,2.0,2.0,2.0,2.0,2.0,2.0,2.0,2.0,2.0,2.0,2.0,2.0,2.0,2.0,2.0,2.0,2.0,2.0,2.0,2.0,2.0,2.0,2.0,2.0,2.0,2.0,2.0,2.0,2.0,2.0,2.0,2.0,2.0,2.0,2.0,2.0
1.8,1.8,1.8,1.8,1.8,1.8,1.8266552314881048,1.8251869410589312,1.8221396618385717,1.8217570582700926,1.8211164159341409,1.8203803769607378,1.8196227973622878,1.818878642790613,1.8181643182673135,2.0,2.0,2.0,2.0,2.0,2.0,2.0,2.0,2.0,2.0,2.0,2.0,2.0,2.0,2.0,2.0,2.0,2.0,2.0,2.0,2.0,2.0,2.0,2.0,2.0,2.0,2.0,2.0,2.0,2.0,2.0,2.0,2.0,2.0,2.0,2.0,2.0,2.0,2.0,2.0,2.0,2.0,2.0,2.0,2.0,2.0,2.0,2.0,2.0,2.0,2.0,2.0,2.0,2.0,2.0,2.0,2.0,2.0,2.0,2.0,2.0,2.0,2.0,2.0,2.0,2.0,2.0,2.0,2.0,2.0,2.0,2.0,2.0,2.0,2.0,2.0,2.0,2.0,2.0,2.0,2.0,2.0,2.0,2.0,2.0
0.6000000000000001,0.6000000000000001,0.6000000000000001,0.6000000000000001,0.6000000000000001,0.6000000000000001,0.6000000000000001,0.6000000000000001,0.6000000000000001,0.6000000000000001,0.6000000000000001,0.6000000000000001,0.6000000000000001,0.6000000000000001,0.6000000000000001,0.6000000000000001,0.6000000000000001,0.6000000000000001,0.6000000000000001,0.6000000000000001,0.6000000000000001,0.6000000000000001,0.6000000000000001,0.6000000000000001,0.6000000000000001,0.6000000000000001,0.6000000000000001,0.6000000000000001,0.6000000000000001,0.6000000000000001,0.6000000000000001,0.6000000000000001,0.6000000000000001,0.6000000000000001,0.6000000000000001,0.6000000000000001,0.6000000000000001,0.6000000000000001,0.6000000000000001,0.6000000000000001,0.6000000000000001,0.6000000000000001,0.6000000000000001,0.6000000000000001,0.6000000000000001,0.6000000000000001,0.6000000000000001,0.6000000000000001,0.6000000000000001,0.6000000000000001,0.6000000000000001,0.6000000000000001,0.6000000000000001,0.6000000000000001,0.6000000000000001,0.6000000000000001,0.6000000000000001,0.6000000000000001,0.6000000000000001,0.6000000000000001,0.6000000000000001,0.6000000000000001,0.4,0.4,0.4,0.4,0.4,0.4,0.4,0.4,0.4,0.4,0.4,0.4,0.4,0.4,0.4,0.4,0.4,0.4,0.4,0.4,0.4,0.4,0.4,0.4,0.4,0.4,0.4,0.4,0.4,0.4,0.4,0.4,0.4,0.4,0.4,0.4,0.4,0.4
1.6,1.6,1.7374998917861117,1.6922401896623622,1.66405818054684,1.64663745938491,1.635320747831611,1.6276097157650915,1.6221396618385717,1.6205707968048102,1.6192141481720572,1.8,1.8,1.8,1.8,1.8,1.8,1.8,1.8,1.8207119944554848,1.821767507021051,1.822260519476505,1.8224532755786853,1.82246460688118,1.8223596250198308,1.8221777554201333,1.8219443947351257,1.8216765993146269,2.0,2.0,2.0,2.0,2.0,2.0,2.0,2.0,2.0,2.0,2.0,2.0,2.0,2.0,2.0,2.0,2.0,2.0,2.0,2.0,2.0,2.0,2.0,2.0,2.0,2.0,2.0,2.0,2.0,2.0,2.0,2.0,2.0,2.0,2.0,2.0,2.0,2.0,2.0,2.0,2.0,2.0,2.0,2.0,2.0,2.0,2.0,2.0,2.0,2.0,2.0,2.0,2.0,2.0,2.0,2.0,2.0,2.0,2.0,2.0,2.0,2.0,2.0,2.0,2.0,2.0,2.0,2.0,2.0,2.0,2.0,2.0
2.0,2.0,2.0,2.0,2.0,2.0,2.0,2.0,2.0,2.0,2.0,2.0,2.0,2.0,2.0,2.0,2.0,2.0,2.0,2.0,2.0,2.0,2.0,2.0,2.0,2.0,2.0,2.0,2.0,2.0,2.0,2.0,2.0,2.0,2.0,2.0,2.0,2.0,2.0,2.0,2.0,2.0,2.0,2.0,2.0,2.0,2.0,2.0,2.0,2.0,2.0,2.0,2.0,2.003486164500334,2.0044978623832974,2.005156580596708,2.0056387156444693,2.0060112105761565,2.0063079896282314,2.0065490316357364,2.0067472586217603,2.0069115832733018,2.2,2.2,2.2,2.2,2.2,2.2,2.2,2.2,2.2,2.2,2.2,2.2,2.2,2.2,2.2,2.2,2.2,2.2,2.2,2.2,2.2,2.2,2.2,2.2,2.2,2.2,2.2,2.2,2.2,2.2,2.2,2.2,2.2,2.2,2.2,2.2,2.2,2.2
2.0,2.0,2.0,2.0,2.0,2.0,2.0,2.0,2.0,2.0,2.0,2.0,2.0,2.0,2.0,2.0,2.0,2.0,2.0,2.0,2.0,2.0,2.0,2.0,2.0,2.0,2.0,2.0,2.0,2.0,2.0,2.0,2.0,2.0,2.0,2.0,2.0,2.0,2.0,2.0,2.0,2.0,2.0,2.0,2.0,2.0,2.0,2.0,2.0,2.0,2.0,2.0,2.0,2.0,2.0,2.0,2.0,2.0,2.0,2.0,2.0,2.0,2.0,2.0,2.002953531568528,2.0038323159754503,2.0044147016709117,2.004848451126885,2.0051895648512974,2.005466397262331,2.0056956421871877,2.0058881003707594,2.006051228202107,2.2,2.2,2.2,2.2,2.2,2.2,2.2,2.2,2.2,2.2,2.2,2.2,2.2,2.2,2.2,2.2,2.2,2.2,2.2,2.2,2.2,2.2,2.2,2.2,2.2,2.2,2.2
1.8,1.8,1.8,1.8,1.8,1.8361415917070585,1.8325643055730951,1.8276097157650915,1.8232385971037524,1.8223065490297021,1.8213322297606618,1.8203803769607378,1.8194773254942598,1.818632328966754,2.0,2.0,2.0,2.0,2.0,2.0,2.0,2.0,2.0,2.0,2.0,2.0,2.0,2.0,2.0,2.0,2.0,2.0,2.0,2.0,2.0,2.0,2.0,2.0,2.0,2.0,2.0,2.0,2.0,2.0,2.0,2.0,2.012084648457694,2.012709916369756,2.013142350484732,2.0134568164120714,2.0136896838662084,2.013862395750206,2.0139889714660466,2.0140791970688396,2.014140220935603,2.2,2.2,2.2,2.2,2.2,2.2,2.2,2.2,2.2,2.2,2.2,2.2,2.2,2.2,2.2,2.2,2.2,2.2,2.2,2.2,2.2,2.2,2.2,2.2,2.2,2.2,2.2,2.2,2.2,2.2,2.2,2.2,2.2,2.2,2.2,2.2,2.2,2.2,2.2,2.2,2.2,2.2,2.2,2.2,2.2
1.6,1.6,1.7374998917861117,1.6922401896623622,1.66405818054684,1.64663745938491,1.635320747831611,1.6276097157650915,1.6221396618385717,1.6205707968048102,1.6192141481720572,1.8,1.8,1.8,1.8,1.8,1.8,1.8,1.8,1.8207119944554848,1.821767507021051,1.822260519476505,1.8224532755786853,1.82246460688118,1.8223596250198308,1.8221777554201333,1.8219443947351257,1.8216765993146269,2.0,2.0,2.0,2.0,2.0,2.0,2.0,2.0,2.0,2.0,2.0,2.0,2.0,2.0,2.0,2.0,2.0,2.0,2.0,2.0,2.0,2.0,2.0,2.0,2.0,2.0,2.0,2.0,2.0,2.0,2.0,2.0,2.0,2.0,2.0,2.0,2.0,2.0,2.0,2.0,2.0,2.0,2.0,2.0,2.0,2.0,2.0,2.0,2.0,2.0,2.0,2.0,2.0,2.0,2.0,2.0,2.0,2.0,2.0,2.0,2.0,2.0,2.0,2.0,2.0,2.0,2.0,2.0,2.0,2.0,2.0,2.0
2.0,2.0,2.0,2.0,2.051646246987129,2.0436518057554096,2.035320747831611,2.028682970182837,2.023583667352589,2.0844156981433257,2.0977108184844493,2.092511805872358,2.087780549061071,2.2363371697790617,2.234634655750603,2.2330825303270894,2.2316636479449645,2.2303627329365794,2.4000000000000004,2.2,2.2,2.2,2.2,2.2,2.2,2.2,2.2,2.2,2.2,2.2,2.2,2.2,2.2,2.2,2.2,2.2,2.2,2.2,2.2,2.2,2.2,2.2,2.2,2.2,2.2,2.2,2.2,2.2,2.2,2.2,2.2,2.2,2.2,2.2,2.2,2.2,2.2,2.2,2.2,2.2,2.2,2.2,2.2,2.2,2.2,2.2,2.2,2.2,2.2,2.2,2.2,2.2,2.2,2.2,2.2,2.2,2.2,2.2,2.2,2.2,2.2,2.2,2.2,2.2,2.2,2.2,2.2,2.2,2.2,2.2,2.2,2.2,2.2,2.2,2.2,2.2,2.2,2.2,2.2,2.2
1.6,1.6,1.6,1.6795368877080188,1.6613855153499684,1.64663745938491,1.6361540486864732,1.6286829701828371,1.6232385971037524,1.6217570582700926,1.6204421965507534,1.6192733361270513,1.8,1.8,1.8,1.8,1.8,1.8,1.8,1.8,1.8,1.8,1.8,1.8,1.8,1.8,1.8,1.8,1.8,1.8,1.8,1.8,1.8,1.8,1.8,1.8,1.8,1.8,1.8,1.8,1.8,1.8,1.8,1.8,1.8,1.8,1.8,1.8,1.8,1.8,1.8,1.8,1.8,1.8,1.8,1.8,1.8,1.8,1.8,1.8,1.8,1.8,1.8,1.8,1.8,1.8,1.8,1.8,1.8,1.8,1.8,1.8,1.8,1.8,1.8,1.8,1.8,1.8,1.8,1.8,1.8,1.8,1.8,1.8,1.8,1.8,1.8,1.8,1.8,1.8,1.8,1.8,1.8,1.8,1.8,1.8,1.8,1.8,1.8,1.8
2.18815166454081,1.4914499069298333,1.3374998917861118,1.2795368877080189,1.4328431303938647,1.3792526196396067,1.3392659159737856,1.3104496144241913,1.2893893253304702,1.4363825200470837,1.5082351646760144,1.507147523446016,1.5044229596593568,1.6440166314943887,1.642509949702771,1.641013410550935,1.6395649013686444,1.6381816556132038,1.636870349018041,1.8,1.8,1.8,1.8,1.8,1.8,1.8,1.8,1.8,1.8,1.8,1.8,1.8,1.8,1.8,1.8,1.8,1.8,1.8,1.8,1.8,1.8,1.8,1.8,1.8,1.8,1.8,1.8,1.8,1.8,1.8,1.8,1.8,1.8,1.8,1.8,1.8,1.8,1.8,1.8,1.8,1.8,1.8,1.8,1.8,1.8,1.8,1.8,1.8,1.8,1.8,1.8,1.8,1.8,1.8,1.8,1.8,1.8,1.8,1.8,1.8,1.8,1.8,1.8,1.8,1.8,1.8,1.8,1.8,1.8,1.8,1.8,1.8,1.8,1.8,1.8,1.8,1.8,1.8,1.8,1.8
2.0,2.0,2.1374998917861117,2.092240189662362,2.06405818054684,2.1837485986576466,2.170565216348546,2.133290264499359,2.1068120562238706,2.0991647795809367,2.092549271009132,2.2377726155618074,2.2355640829075636,2.2336077618273804,2.4000000000000004,2.2,2.2,2.2,2.2,2.2,2.2,2.2,2.2,2.2,2.2,2.2,2.2,2.2,2.2,2.2,2.2,2.2,2.2,2.2,2.2,2.2,2.2,2.2,2.2,2.2,2.2,2.2,2.2,2.2,2.2,2.2,2.2,2.2,2.2,2.2,2.2,2.2,2.2,2.2,2.2,2.2,2.2,2.2,2.2,2.2,2.2,2.2,2.2,2.2,2.2,2.2,2.2,2.2,2.2,2.2,2.2,2.2,2.2,2.2,2.2,2.2,2.2,2.2,2.2,2.2,2.2,2.2,2.2,2.2,2.2,2.2,2.2,2.2,2.2,2.2,2.2,2.2,2.2,2.2,2.2,2.2,2.2,2.2,2.2,2.2
1.6,1.6,1.7374998917861117,1.6922401896623622,1.66405818054684,1.64663745938491,1.635320747831611,1.6276097157650915,1.6221396618385717,1.6205707968048102,1.6192141481720572,1.8,1.8,1.8,1.8,1.8,1.8,1.8,1.8,1.8207119944554848,1.821767507021051,1.822260519476505,1.8224532755786853,1.82246460688118,1.8223596250198308,1.8221777554201333,1.8219443947351257,1.8216765993146269,2.0,2.0,2.0,2.0,2.0,2.0,2.0,2.0,2.0,2.0,2.0,2.0,2.0,2.0,2.0,2.0,2.0,2.0,2.0,2.0,2.0,2.0,2.0,2.0,2.0,2.0,2.0,2.0,2.0,2.0,2.0,2.0,2.0,2.0,2.0,2.0,2.0,2.0,2.0,2.0,2.0,2.0,2.0,2.0,2.0,2.0,2.0,2.0,2.0,2.0,2.0,2.0,2.0,2.0,2.0,2.0,2.0,2.0,2.0,2.0,2.0,2.0,2.0,2.0,2.0,2.0,2.0,2.0,2.0,2.0,2.0,2.0
1.8,1.8,1.8,1.8,1.8,1.8361415917070585,1.8325643055730951,1.8276097157650915,1.8232385971037524,1.8223065490297021,1.8213322297606618,1.8203803769607378,1.8194773254942598,1.818632328966754,2.0,2.0,2.0,2.0,2.0,2.0,2.0,2.0,2.0,2.0,2.0,2.0,2.0,2.0,2.0,2.017371089021715,2.018097002045775,2.018515579607635,2.018755828509847,2.0188792545765404,2.0189213190349764,2.0189046251319,2.0188445138629185,2.0187518547925305,2.2,2.2,2.2,2.2,2.2,2.2,2.2,2.2,2.2,2.2,2.2,2.2,2.2,2.2,2.2,2.2,2.2,2.2,2.2,2.2,2.2,2.2,2.2,2.2,2.2,2.2,2.2,2.2,2.2,2.2,2.2,2.2,2.2,2.2,2.2,2.2,2.2,2.2,2.2,2.2,2.2,2.2,2.2,2.2,2.2,2.2,2.2,2.2,2.2,2.2,2.2,2.2,2.2,2.2,2.2,2.2,2.2,2.2,2.2,2.2,2.2,2.2
2.0,2.0,2.0,2.0,2.0,2.0,2.0,2.020439304643963,2.0200381817849538,2.02057079680481,2.0204421965507535,2.0200242898293967,2.0194773254942597,2.0188786427906127,2.018267830179815,2.0176656495384027,2.2,2.2,2.2,2.2,2.2,2.2,2.2,2.2,2.2,2.2,2.2,2.2,2.2,2.2,2.2,2.2,2.2,2.2,2.2,2.2,2.2,2.2,2.2,2.2,2.2,2.2,2.2,2.2,2.2,2.2,2.2,2.2,2.2,2.2,2.2,2.2,2.2,2.2,2.2,2.2,2.2,2.2,2.2,2.2,2.2,2.2,2.2,2.2,2.2,2.2,2.2,2.2,2.2,2.2,2.2,2.2,2.2,2.2,2.2,2.2,2.2,2.2,2.2,2.2,2.2,2.2,2.2,2.2,2.2,2.2,2.2,2.2,2.2,2.2,2.2,2.2,2.2,2.2,2.2,2.2,2.2,2.2,2.2,2.2
